東京都,JR中央・総武線,三鷹,35.702708,139.560831,2016/2/1 12:30:01
東京都,JR中央・総武線,吉祥寺,35.702811,139.579804,2016/2/1 12:30:01
東京都,JR中央・総武線,西荻窪,35.703842,139.599361,2016/2/1 12:30:01
東京都,JR中央・総武線,荻窪,35.704632,139.619981,2016/2/1 12:30:01
東京都,JR中央・総武線,阿佐ヶ谷,35.704773,139.635263,2016/2/1 12:30:01
東京都,JR中央・総武線,高円寺,35.705385,139.649867,2016/2/1 12:30:01
東京都,JR中央・総武線,中野,35.706032,139.665652,2016/2/1 12:30:01
東京都,JR中央・総武線,東中野,35.70623,139.685842,2016/2/1 12:30:01
東京都,JR中央・総武線,大久保,35.700722,139.697358,2016/2/1 12:30:01
東京都,JR中央・総武線,新宿,35.690921,139.700258,2016/2/1 12:30:01
東京都,JR中央・総武線,代々木,35.683061,139.702042,2016/2/1 12:30:01
東京都,JR中央・総武線,千駄ヶ谷,35.68117,139.711444,2016/2/1 12:30:01
東京都,JR中央・総武線,信濃町,35.68009,139.720243,2016/2/1 12:30:01
東京都,JR中央・総武線,四ツ谷,35.686014,139.730667,2016/2/1 12:30:01
東京都,JR中央・総武線,市ヶ谷,35.691008,139.735585,2016/2/1 12:30:01
東京都,JR中央・総武線,飯田橋,35.702065,139.745015,2016/2/1 12:30:01
東京都,JR中央・総武線,水道橋,35.70203,139.753653,2016/2/1 12:30:01
東京都,JR中央・総武線,御茶ノ水,35.699855,139.763786,2016/2/1 12:30:01
東京都,JR中央・総武線,秋葉原,35.698683,139.774219,2016/2/1 12:30:01
東京都,JR中央・総武線,浅草橋,35.697467,139.785976,2016/2/1 12:30:01
東京都,JR中央・総武線,両国,35.696123,139.792515,2016/2/1 12:30:01
東京都,JR中央・総武線,錦糸町,35.696437,139.813949,2016/2/1 12:30:01
東京都,JR中央・総武線,亀戸,35.697587,139.826078,2016/2/1 12:30:01
東京都,JR中央・総武線,平井,35.706434,139.842516,2016/2/1 12:30:01
東京都,JR中央・総武線,新小岩,35.716789,139.85828,2016/2/1 12:30:01
東京都,JR中央・総武線,小岩,35.732962,139.881682,2016/2/1 12:30:01
東京都,JR中央・総武線,市川,35.729277,139.907809,2016/2/1 12:30:01
東京都,JR中央・総武線,本八幡,35.720837,139.927441,2016/2/1 12:30:01
東京都,JR中央・総武線,下総中山,35.714276,139.943092,2016/2/1 12:30:01
東京都,JR中央・総武線,西船橋,35.707452,139.959097,2016/2/1 12:30:01
東京都,JR中央・総武線,船橋,35.701735,139.985218,2016/2/1 12:30:01
東京都,JR中央・総武線,東船橋,35.699813,140.004272,2016/2/1 12:30:01
東京都,JR中央・総武線,津田沼,35.691228,140.020476,2016/2/1 12:30:01
東京都,JR中央・総武線,幕張本郷,35.672795,140.042241,2016/2/1 12:30:01
東京都,JR中央・総武線,幕張,35.659386,140.057949,2016/2/1 12:30:01
東京都,JR中央・総武線,新検見川,35.651828,140.072961,2016/2/1 12:30:01
東京都,JR中央・総武線,稲毛,35.637425,140.092404,2016/2/1 12:30:01
東京都,JR中央・総武線,西千葉,35.622581,140.103279,2016/2/1 12:30:01
東京都,JR中央・総武線,千葉,35.612858,140.11434,2016/2/1 12:30:01
東京都,JR京浜東北線,大宮,35.906295,139.623999,2016/2/1 12:30:01
東京都,JR京浜東北線,さいたま新都心,35.893867,139.633587,2016/2/1 12:30:01
東京都,JR京浜東北線,与野,35.884393,139.639085,2016/2/1 12:30:01
東京都,JR京浜東北線,北浦和,35.872156,139.646196,2016/2/1 12:30:01
東京都,JR京浜東北線,浦和,35.858482,139.657087,2016/2/1 12:30:01
東京都,JR京浜東北線,南浦和,35.847681,139.66915,2016/2/1 12:30:01
東京都,JR京浜東北線,蕨,35.828148,139.690443,2016/2/1 12:30:01
東京都,JR京浜東北線,西川口,35.815725,139.704364,2016/2/1 12:30:01
東京都,JR京浜東北線,川口,35.801922,139.717583,2016/2/1 12:30:01
東京都,JR京浜東北線,赤羽,35.778051,139.720856,2016/2/1 12:30:01
東京都,JR京浜東北線,東十条,35.762947,139.727694,2016/2/1 12:30:01
東京都,JR京浜東北線,王子,35.752474,139.738139,2016/2/1 12:30:01
東京都,JR京浜東北線,上中里,35.746586,139.746927,2016/2/1 12:30:01
東京都,JR京浜東北線,田端,35.738062,139.76086,2016/2/1 12:30:01
東京都,JR京浜東北線,西日暮里,35.732135,139.766787,2016/2/1 12:30:01
東京都,JR京浜東北線,日暮里,35.727772,139.770987,2016/2/1 12:30:01
東京都,JR京浜東北線,鶯谷,35.720495,139.778837,2016/2/1 12:30:01
東京都,JR京浜東北線,上野,35.713768,139.777254,2016/2/1 12:30:01
東京都,JR京浜東北線,御徒町,35.707893,139.774332,2016/2/1 12:30:01
東京都,JR京浜東北線,秋葉原,35.698683,139.774219,2016/2/1 12:30:01
東京都,JR京浜東北線,神田,35.69169,139.770883,2016/2/1 12:30:01
東京都,JR京浜東北線,東京,35.681382,139.766084,2016/2/1 12:30:01
東京都,JR京浜東北線,有楽町,35.675069,139.763328,2016/2/1 12:30:01
東京都,JR京浜東北線,新橋,35.665498,139.75964,2016/2/1 12:30:01
東京都,JR京浜東北線,浜松町,35.655646,139.756749,2016/2/1 12:30:01
東京都,JR京浜東北線,田町,35.645736,139.747575,2016/2/1 12:30:01
東京都,JR京浜東北線,品川,35.630152,139.74044,2016/2/1 12:30:01
東京都,JR京浜東北線,大井町,35.606249,139.734855,2016/2/1 12:30:01
東京都,JR京浜東北線,大森,35.588442,139.727929,2016/2/1 12:30:01
東京都,JR京浜東北線,蒲田,35.562479,139.716051,2016/2/1 12:30:01
東京都,JR京浜東北線,川崎,35.531328,139.696899,2016/2/1 12:30:01
東京都,JR京浜東北線,鶴見,35.508565,139.676018,2016/2/1 12:30:01
東京都,JR京浜東北線,新子安,35.487106,139.65554,2016/2/1 12:30:01
東京都,JR京浜東北線,東神奈川,35.477951,139.633347,2016/2/1 12:30:01
東京都,JR京浜東北線,横浜,35.466188,139.622715,2016/2/1 12:30:01
東京都,JR山手線,大崎,35.6197,139.728553,2016/2/1 12:30:01
東京都,JR山手線,五反田,35.626446,139.723444,2016/2/1 12:30:01
東京都,JR山手線,目黒,35.633998,139.715828,2016/2/1 12:30:01
東京都,JR山手線,恵比寿,35.64669,139.710106,2016/2/1 12:30:01
東京都,JR山手線,渋谷,35.658517,139.701334,2016/2/1 12:30:01
東京都,JR山手線,原宿,35.670168,139.702687,2016/2/1 12:30:01
東京都,JR山手線,代々木,35.683061,139.702042,2016/2/1 12:30:01
東京都,JR山手線,新宿,35.690921,139.700258,2016/2/1 12:30:01
東京都,JR山手線,新大久保,35.701306,139.700044,2016/2/1 12:30:01
東京都,JR山手線,高田馬場,35.712285,139.703782,2016/2/1 12:30:01
東京都,JR山手線,目白,35.721204,139.706587,2016/2/1 12:30:01
東京都,JR山手線,池袋,35.728926,139.71038,2016/2/1 12:30:01
東京都,JR山手線,大塚,35.73159,139.729329,2016/2/1 12:30:01
東京都,JR山手線,巣鴨,35.733492,139.739345,2016/2/1 12:30:01
東京都,JR山手線,駒込,35.736489,139.746875,2016/2/1 12:30:01
東京都,JR山手線,田端,35.738062,139.76086,2016/2/1 12:30:01
東京都,JR山手線,西日暮里,35.732135,139.766787,2016/2/1 12:30:01
東京都,JR山手線,日暮里,35.727772,139.770987,2016/2/1 12:30:01
東京都,JR山手線,鶯谷,35.720495,139.778837,2016/2/1 12:30:01
東京都,JR山手線,上野,35.713768,139.777254,2016/2/1 12:30:01
東京都,JR山手線,御徒町,35.707893,139.774332,2016/2/1 12:30:01
東京都,JR山手線,秋葉原,35.698683,139.774219,2016/2/1 12:30:01
東京都,JR山手線,神田,35.69169,139.770883,2016/2/1 12:30:01
東京都,JR山手線,東京,35.681382,139.766084,2016/2/1 12:30:01
東京都,JR山手線,有楽町,35.675069,139.763328,2016/2/1 12:30:01
東京都,JR山手線,新橋,35.665498,139.75964,2016/2/1 12:30:01
東京都,JR山手線,浜松町,35.655646,139.756749,2016/2/1 12:30:01
東京都,JR山手線,田町,35.645736,139.747575,2016/2/1 12:30:01
東京都,JR山手線,品川,35.630152,139.74044,2016/2/1 12:30:01
東京都,JR中央線「快速」,東京,35.681382,139.766084,2016/2/1 12:30:01
東京都,JR中央線「快速」,神田,35.69169,139.770883,2016/2/1 12:30:01
東京都,JR中央線「快速」,御茶ノ水,35.699855,139.763786,2016/2/1 12:30:01
東京都,JR中央線「快速」,四ツ谷,35.686014,139.730667,2016/2/1 12:30:01
東京都,JR中央線「快速」,新宿,35.690921,139.700258,2016/2/1 12:30:01
東京都,JR中央線「快速」,中野,35.706032,139.665652,2016/2/1 12:30:01
東京都,JR中央線「快速」,高円寺,35.705385,139.649867,2016/2/1 12:30:01
東京都,JR中央線「快速」,阿佐ヶ谷,35.704773,139.635263,2016/2/1 12:30:01
東京都,JR中央線「快速」,荻窪,35.704632,139.619981,2016/2/1 12:30:01
東京都,JR中央線「快速」,西荻窪,35.703842,139.599361,2016/2/1 12:30:01
東京都,JR中央線「快速」,吉祥寺,35.702811,139.579804,2016/2/1 12:30:01
東京都,JR中央線「快速」,三鷹,35.702708,139.560831,2016/2/1 12:30:01
東京都,JR中央線「快速」,武蔵境,35.70228,139.54489,2016/2/1 12:30:01
東京都,JR中央線「快速」,東小金井,35.701743,139.524831,2016/2/1 12:30:01
東京都,JR中央線「快速」,武蔵小金井,35.701351,139.50645,2016/2/1 12:30:01
東京都,JR中央線「快速」,国分寺,35.700256,139.480257,2016/2/1 12:30:01
東京都,JR中央線「快速」,西国分寺,35.699769,139.465714,2016/2/1 12:30:01
東京都,JR中央線「快速」,国立,35.699002,139.446385,2016/2/1 12:30:01
東京都,JR中央線「快速」,立川,35.697899,139.413957,2016/2/1 12:30:01
東京都,JR中央線「快速」,日野,35.679245,139.393998,2016/2/1 12:30:01
東京都,JR中央線「快速」,豊田,35.659502,139.381495,2016/2/1 12:30:01
東京都,JR中央線「快速」,八王子,35.655641,139.338968,2016/2/1 12:30:01
東京都,JR中央線「快速」,西八王子,35.656777,139.312517,2016/2/1 12:30:01
東京都,JR中央線「快速」,高尾,35.642228,139.281787,2016/2/1 12:30:01
東京都,JR京葉線,東京,35.681382,139.766084,2016/2/1 12:30:01
東京都,JR京葉線,八丁堀,35.674617,139.777705,2016/2/1 12:30:01
東京都,JR京葉線,越中島,35.667946,139.792713,2016/2/1 12:30:01
東京都,JR京葉線,潮見,35.658714,139.817357,2016/2/1 12:30:01
東京都,JR京葉線,新木場,35.646157,139.827426,2016/2/1 12:30:01
東京都,JR京葉線,葛西臨海公園,35.644405,139.861602,2016/2/1 12:30:01
東京都,JR京葉線,舞浜,35.636338,139.883275,2016/2/1 12:30:01
東京都,JR京葉線,新浦安,35.649451,139.912386,2016/2/1 12:30:01
東京都,JR京葉線,市川塩浜,35.666718,139.923571,2016/2/1 12:30:01
東京都,JR京葉線,西船橋,35.707452,139.959097,2016/2/1 12:30:01
東京都,JR京葉線,二俣新町,35.691482,139.959617,2016/2/1 12:30:01
東京都,JR京葉線,南船橋,35.681568,139.996623,2016/2/1 12:30:01
東京都,JR京葉線,新習志野,35.667431,140.013022,2016/2/1 12:30:01
東京都,JR京葉線,海浜幕張,35.64834,140.041889,2016/2/1 12:30:01
東京都,JR京葉線,検見川浜,35.637027,140.059185,2016/2/1 12:30:01
東京都,JR京葉線,稲毛海岸,35.629531,140.073884,2016/2/1 12:30:01
東京都,JR京葉線,千葉みなと,35.606186,140.103399,2016/2/1 12:30:01
東京都,JR京葉線,蘇我,35.581481,140.131139,2016/2/1 12:30:01
東京都,JR埼京線,大崎,35.6197,139.728553,2016/2/1 12:30:01
東京都,JR埼京線,恵比寿,35.64669,139.710106,2016/2/1 12:30:01
東京都,JR埼京線,渋谷,35.658517,139.701334,2016/2/1 12:30:01
東京都,JR埼京線,新宿,35.690921,139.700258,2016/2/1 12:30:01
東京都,JR埼京線,池袋,35.728926,139.71038,2016/2/1 12:30:01
東京都,JR埼京線,板橋,35.746044,139.719523,2016/2/1 12:30:01
東京都,JR埼京線,十条,35.760261,139.722231,2016/2/1 12:30:01
東京都,JR埼京線,赤羽,35.778051,139.720856,2016/2/1 12:30:01
東京都,JR埼京線,北赤羽,35.786705,139.70619,2016/2/1 12:30:01
東京都,JR埼京線,浮間舟渡,35.791234,139.691391,2016/2/1 12:30:01
東京都,JR埼京線,戸田公園,35.808037,139.678042,2016/2/1 12:30:01
東京都,JR埼京線,戸田,35.817657,139.669592,2016/2/1 12:30:01
東京都,JR埼京線,北戸田,35.827492,139.660337,2016/2/1 12:30:01
東京都,JR埼京線,武蔵浦和,35.846114,139.647966,2016/2/1 12:30:01
東京都,JR埼京線,中浦和,35.853808,139.637444,2016/2/1 12:30:01
東京都,JR埼京線,南与野,35.867431,139.631189,2016/2/1 12:30:01
東京都,JR埼京線,与野本町,35.881146,139.626033,2016/2/1 12:30:01
東京都,JR埼京線,北与野,35.89082,139.628663,2016/2/1 12:30:01
東京都,JR埼京線,大宮,35.906295,139.623999,2016/2/1 12:30:01
東京都,JR南武線,川崎,35.531328,139.696899,2016/2/1 12:30:01
東京都,JR南武線,尻手,35.531064,139.684389,2016/2/1 12:30:01
東京都,JR南武線,矢向,35.538933,139.680422,2016/2/1 12:30:01
東京都,JR南武線,鹿島田,35.551331,139.675131,2016/2/1 12:30:01
東京都,JR南武線,平間,35.56104,139.671039,2016/2/1 12:30:01
東京都,JR南武線,向河原,35.572908,139.667242,2016/2/1 12:30:01
東京都,JR南武線,武蔵小杉,35.575741,139.659664,2016/2/1 12:30:01
東京都,JR南武線,武蔵中原,35.581154,139.641474,2016/2/1 12:30:01
東京都,JR南武線,武蔵新城,35.587225,139.629691,2016/2/1 12:30:01
東京都,JR南武線,武蔵溝ノ口,35.599032,139.611207,2016/2/1 12:30:01
東京都,JR南武線,津田山,35.60427,139.600005,2016/2/1 12:30:01
東京都,JR南武線,久地,35.61056,139.592539,2016/2/1 12:30:01
東京都,JR南武線,宿河原,35.615293,139.579445,2016/2/1 12:30:01
東京都,JR南武線,登戸,35.620783,139.569912,2016/2/1 12:30:01
東京都,JR南武線,中野島,35.630135,139.5501,2016/2/1 12:30:01
東京都,JR南武線,稲田堤,35.633645,139.535262,2016/2/1 12:30:01
東京都,JR南武線,矢野口,35.641674,139.520457,2016/2/1 12:30:01
東京都,JR南武線,稲城長沼,35.644264,139.502742,2016/2/1 12:30:01
東京都,JR南武線,南多摩,35.649093,139.489284,2016/2/1 12:30:01
東京都,JR南武線,府中本町,35.666204,139.477203,2016/2/1 12:30:01
東京都,JR南武線,分倍河原,35.668557,139.468721,2016/2/1 12:30:01
東京都,JR南武線,西府,35.670967,139.457399,2016/2/1 12:30:01
東京都,JR南武線,谷保,35.681424,139.446591,2016/2/1 12:30:01
東京都,JR南武線,矢川,35.684962,139.432123,2016/2/1 12:30:01
東京都,JR南武線,西国立,35.693486,139.424242,2016/2/1 12:30:01
東京都,JR南武線,立川,35.697899,139.413957,2016/2/1 12:30:01
東京都,JR横須賀線,東京,35.681382,139.766084,2016/2/1 12:30:01
東京都,JR横須賀線,新橋,35.665498,139.75964,2016/2/1 12:30:01
東京都,JR横須賀線,品川,35.630152,139.74044,2016/2/1 12:30:01
東京都,JR横須賀線,西大井,35.601799,139.721812,2016/2/1 12:30:01
東京都,JR横須賀線,武蔵小杉,35.575741,139.659664,2016/2/1 12:30:01
東京都,JR横須賀線,新川崎,35.551395,139.671734,2016/2/1 12:30:01
東京都,JR横須賀線,横浜,35.466188,139.622715,2016/2/1 12:30:01
東京都,JR横須賀線,保土ヶ谷,35.446727,139.599624,2016/2/1 12:30:01
東京都,JR横須賀線,東戸塚,35.430495,139.55675,2016/2/1 12:30:01
東京都,JR横須賀線,戸塚,35.400612,139.534202,2016/2/1 12:30:01
東京都,JR横須賀線,大船,35.353435,139.531124,2016/2/1 12:30:01
東京都,JR横須賀線,北鎌倉,35.337198,139.545134,2016/2/1 12:30:01
東京都,JR横須賀線,鎌倉,35.319031,139.550703,2016/2/1 12:30:01
東京都,JR横須賀線,逗子,35.297522,139.579545,2016/2/1 12:30:01
東京都,JR横須賀線,東逗子,35.298681,139.60111,2016/2/1 12:30:01
東京都,JR横須賀線,田浦,35.29271,139.637632,2016/2/1 12:30:01
東京都,JR横須賀線,横須賀,35.284119,139.655899,2016/2/1 12:30:01
東京都,JR横須賀線,衣笠,35.25736,139.661348,2016/2/1 12:30:01
東京都,JR横須賀線,久里浜,35.233068,139.70132,2016/2/1 12:30:01
東京都,JR総武線「快速」,東京,35.681382,139.766084,2016/2/1 12:30:01
東京都,JR総武線「快速」,新日本橋,35.688687,139.77323,2016/2/1 12:30:01
東京都,JR総武線「快速」,馬喰町,35.693365,139.78238,2016/2/1 12:30:01
東京都,JR総武線「快速」,錦糸町,35.696437,139.813949,2016/2/1 12:30:01
東京都,JR総武線「快速」,新小岩,35.716789,139.85828,2016/2/1 12:30:01
東京都,JR総武線「快速」,市川,35.729277,139.907809,2016/2/1 12:30:01
東京都,JR総武線「快速」,船橋,35.701735,139.985218,2016/2/1 12:30:01
東京都,JR総武線「快速」,津田沼,35.691228,140.020476,2016/2/1 12:30:01
東京都,JR総武線「快速」,稲毛,35.637425,140.092404,2016/2/1 12:30:01
東京都,JR総武線「快速」,千葉,35.612858,140.11434,2016/2/1 12:30:01
東京都,JR青梅線,立川,35.697899,139.413957,2016/2/1 12:30:01
東京都,JR青梅線,西立川,35.70359,139.393684,2016/2/1 12:30:01
東京都,JR青梅線,東中神,35.706337,139.384179,2016/2/1 12:30:01
東京都,JR青梅線,中神,35.709058,139.375816,2016/2/1 12:30:01
東京都,JR青梅線,昭島,35.713543,139.360908,2016/2/1 12:30:01
東京都,JR青梅線,拝島,35.721136,139.343654,2016/2/1 12:30:01
東京都,JR青梅線,牛浜,35.734562,139.333665,2016/2/1 12:30:01
東京都,JR青梅線,福生,35.742356,139.327963,2016/2/1 12:30:01
東京都,JR青梅線,羽村,35.758437,139.315944,2016/2/1 12:30:01
東京都,JR青梅線,小作,35.776304,139.30193,2016/2/1 12:30:01
東京都,JR青梅線,河辺,35.784549,139.284784,2016/2/1 12:30:01
東京都,JR青梅線,東青梅,35.789904,139.272313,2016/2/1 12:30:01
東京都,JR青梅線,青梅,35.790284,139.258393,2016/2/1 12:30:01
東京都,JR青梅線,宮ノ平,35.787615,139.237175,2016/2/1 12:30:01
東京都,JR青梅線,日向和田,35.787857,139.229964,2016/2/1 12:30:01
東京都,JR青梅線,石神前,35.796733,139.225057,2016/2/1 12:30:01
東京都,JR青梅線,二俣尾,35.804474,139.215438,2016/2/1 12:30:01
東京都,JR青梅線,軍畑,35.807615,139.207734,2016/2/1 12:30:01
東京都,JR青梅線,沢井,35.805787,139.194058,2016/2/1 12:30:01
東京都,JR青梅線,御嶽,35.801446,139.182898,2016/2/1 12:30:01
東京都,JR青梅線,川井,35.81383,139.164026,2016/2/1 12:30:01
東京都,JR青梅線,古里,35.816227,139.152088,2016/2/1 12:30:01
東京都,JR青梅線,鳩ノ巣,35.814932,139.128749,2016/2/1 12:30:01
東京都,JR青梅線,白丸,35.811883,139.114811,2016/2/1 12:30:01
東京都,JR青梅線,奥多摩,35.809215,139.096661,2016/2/1 12:30:01
東京都,JR横浜線,東神奈川,35.477951,139.633347,2016/2/1 12:30:01
東京都,JR横浜線,大口,35.492164,139.646157,2016/2/1 12:30:01
東京都,JR横浜線,菊名,35.509817,139.63135,2016/2/1 12:30:01
東京都,JR横浜線,新横浜,35.507456,139.617585,2016/2/1 12:30:01
東京都,JR横浜線,小机,35.508553,139.600073,2016/2/1 12:30:01
東京都,JR横浜線,鴨居,35.510874,139.567095,2016/2/1 12:30:01
東京都,JR横浜線,中山,35.514834,139.540247,2016/2/1 12:30:01
東京都,JR横浜線,十日市場,35.526302,139.516585,2016/2/1 12:30:01
東京都,JR横浜線,長津田,35.531681,139.494686,2016/2/1 12:30:01
東京都,JR横浜線,成瀬,35.535514,139.472909,2016/2/1 12:30:01
東京都,JR横浜線,町田,35.542007,139.445468,2016/2/1 12:30:01
東京都,JR横浜線,古淵,35.555988,139.419265,2016/2/1 12:30:01
東京都,JR横浜線,淵野辺,35.568756,139.395058,2016/2/1 12:30:01
東京都,JR横浜線,矢部,35.573069,139.386767,2016/2/1 12:30:01
東京都,JR横浜線,相模原,35.581066,139.371001,2016/2/1 12:30:01
東京都,JR横浜線,橋本,35.594942,139.34502,2016/2/1 12:30:01
東京都,JR横浜線,相原,35.606865,139.331682,2016/2/1 12:30:01
東京都,JR横浜線,八王子みなみ野,35.631364,139.330975,2016/2/1 12:30:01
東京都,JR横浜線,片倉,35.639707,139.341432,2016/2/1 12:30:01
東京都,JR横浜線,八王子,35.655641,139.338968,2016/2/1 12:30:01
東京都,JR常磐線「各駅停車」,綾瀬,35.762214,139.824914,2016/2/1 12:30:01
東京都,JR常磐線「各駅停車」,亀有,35.766622,139.847675,2016/2/1 12:30:01
東京都,JR常磐線「各駅停車」,金町,35.769549,139.870479,2016/2/1 12:30:01
東京都,JR常磐線「各駅停車」,松戸,35.784344,139.900666,2016/2/1 12:30:01
東京都,JR常磐線「各駅停車」,北松戸,35.800559,139.911808,2016/2/1 12:30:01
東京都,JR常磐線「各駅停車」,馬橋,35.811602,139.917357,2016/2/1 12:30:01
東京都,JR常磐線「各駅停車」,新松戸,35.825431,139.921148,2016/2/1 12:30:01
東京都,JR常磐線「各駅停車」,北小金,35.833422,139.931306,2016/2/1 12:30:01
東京都,JR常磐線「各駅停車」,南柏,35.844644,139.954125,2016/2/1 12:30:01
東京都,JR常磐線「各駅停車」,柏,35.862222,139.971054,2016/2/1 12:30:01
東京都,JR常磐線「各駅停車」,北柏,35.875598,139.988052,2016/2/1 12:30:01
東京都,JR常磐線「各駅停車」,我孫子,35.872454,140.010855,2016/2/1 12:30:01
東京都,JR常磐線「各駅停車」,天王台,35.872539,140.040899,2016/2/1 12:30:01
東京都,JR常磐線「各駅停車」,取手,35.896455,140.063126,2016/2/1 12:30:01
東京都,JR東北本線(宇都宮線),上野,35.713768,139.777254,2016/2/1 12:30:01
東京都,JR東北本線(宇都宮線),尾久,35.746783,139.754635,2016/2/1 12:30:01
東京都,JR東北本線(宇都宮線),赤羽,35.778051,139.720856,2016/2/1 12:30:01
東京都,JR東北本線(宇都宮線),浦和,35.858482,139.657087,2016/2/1 12:30:01
東京都,JR東北本線(宇都宮線),さいたま新都心,35.893867,139.633587,2016/2/1 12:30:01
東京都,JR東北本線(宇都宮線),大宮,35.906295,139.623999,2016/2/1 12:30:01
東京都,JR東北本線(宇都宮線),土呂,35.931825,139.632026,2016/2/1 12:30:01
東京都,JR東北本線(宇都宮線),東大宮,35.948751,139.640291,2016/2/1 12:30:01
東京都,JR東北本線(宇都宮線),蓮田,35.981361,139.652905,2016/2/1 12:30:01
東京都,JR東北本線(宇都宮線),白岡,36.017415,139.666793,2016/2/1 12:30:01
東京都,JR東北本線(宇都宮線),新白岡,36.03874,139.672089,2016/2/1 12:30:01
東京都,JR東北本線(宇都宮線),久喜,36.065703,139.677295,2016/2/1 12:30:01
東京都,JR東北本線(宇都宮線),東鷲宮,36.089456,139.679228,2016/2/1 12:30:01
東京都,JR東北本線(宇都宮線),栗橋,36.136798,139.694208,2016/2/1 12:30:01
東京都,JR東北本線(宇都宮線),古河,36.194375,139.709726,2016/2/1 12:30:01
東京都,JR東北本線(宇都宮線),野木,36.23034,139.734998,2016/2/1 12:30:01
東京都,JR東北本線(宇都宮線),間々田,36.257885,139.760967,2016/2/1 12:30:01
東京都,JR東北本線(宇都宮線),小山,36.3142,139.80685,2016/2/1 12:30:01
東京都,JR東北本線(宇都宮線),小金井,36.37493,139.842529,2016/2/1 12:30:01
東京都,JR東北本線(宇都宮線),自治医大,36.395172,139.854524,2016/2/1 12:30:01
東京都,JR東北本線(宇都宮線),石橋,36.436489,139.866527,2016/2/1 12:30:01
東京都,JR東北本線(宇都宮線),雀宮,36.493841,139.876791,2016/2/1 12:30:01
東京都,JR東北本線(宇都宮線),宇都宮,36.558701,139.898283,2016/2/1 12:30:01
東京都,JR東北本線(宇都宮線),岡本,36.598207,139.944541,2016/2/1 12:30:01
東京都,JR東北本線(宇都宮線),宝積寺,36.631584,139.979512,2016/2/1 12:30:01
東京都,JR東北本線(宇都宮線),氏家,36.681555,139.962314,2016/2/1 12:30:01
東京都,JR東北本線(宇都宮線),蒲須坂,36.721241,139.950483,2016/2/1 12:30:01
東京都,JR東北本線(宇都宮線),片岡,36.754346,139.945965,2016/2/1 12:30:01
東京都,JR東北本線(宇都宮線),矢板,36.806853,139.932945,2016/2/1 12:30:01
東京都,JR東北本線(宇都宮線),野崎,36.843722,139.957724,2016/2/1 12:30:01
東京都,JR東北本線(宇都宮線),西那須野,36.884551,139.986319,2016/2/1 12:30:01
東京都,JR東北本線(宇都宮線),那須塩原,36.931772,140.020514,2016/2/1 12:30:01
東京都,JR東北本線(宇都宮線),黒磯,36.969995,140.059509,2016/2/1 12:30:01
東京都,JR武蔵野線,府中本町,35.666204,139.477203,2016/2/1 12:30:01
東京都,JR武蔵野線,北府中,35.680786,139.471814,2016/2/1 12:30:01
東京都,JR武蔵野線,西国分寺,35.699769,139.465714,2016/2/1 12:30:01
東京都,JR武蔵野線,新小平,35.73081,139.470512,2016/2/1 12:30:01
東京都,JR武蔵野線,新秋津,35.777867,139.493386,2016/2/1 12:30:01
東京都,JR武蔵野線,東所沢,35.794612,139.513773,2016/2/1 12:30:01
東京都,JR武蔵野線,新座,35.803846,139.556364,2016/2/1 12:30:01
東京都,JR武蔵野線,北朝霞,35.81545,139.587186,2016/2/1 12:30:01
東京都,JR武蔵野線,西浦和,35.844214,139.62792,2016/2/1 12:30:01
東京都,JR武蔵野線,大宮,35.906295,139.623999,2016/2/1 12:30:01
東京都,JR武蔵野線,武蔵浦和,35.846114,139.647966,2016/2/1 12:30:01
東京都,JR武蔵野線,南浦和,35.847681,139.66915,2016/2/1 12:30:01
東京都,JR武蔵野線,東浦和,35.864129,139.704657,2016/2/1 12:30:01
東京都,JR武蔵野線,東川口,35.875243,139.744142,2016/2/1 12:30:01
東京都,JR武蔵野線,南越谷,35.876106,139.790471,2016/2/1 12:30:01
東京都,JR武蔵野線,越谷レイクタウン,35.876353,139.822177,2016/2/1 12:30:01
東京都,JR武蔵野線,吉川,35.876548,139.843742,2016/2/1 12:30:01
東京都,JR武蔵野線,新三郷,35.858667,139.869341,2016/2/1 12:30:01
東京都,JR武蔵野線,三郷,35.844845,139.886762,2016/2/1 12:30:01
東京都,JR武蔵野線,南流山,35.838276,139.903505,2016/2/1 12:30:01
東京都,JR武蔵野線,新松戸,35.825431,139.921148,2016/2/1 12:30:01
東京都,JR武蔵野線,新八柱,35.791944,139.938379,2016/2/1 12:30:01
東京都,JR武蔵野線,東松戸,35.770635,139.943807,2016/2/1 12:30:01
東京都,JR武蔵野線,市川大野,35.755021,139.95141,2016/2/1 12:30:01
東京都,JR武蔵野線,船橋法典,35.730851,139.966568,2016/2/1 12:30:01
東京都,JR武蔵野線,西船橋,35.707452,139.959097,2016/2/1 12:30:01
東京都,JR東海道本線,東京,35.681382,139.766084,2016/2/1 12:30:01
東京都,JR東海道本線,新橋,35.665498,139.75964,2016/2/1 12:30:01
東京都,JR東海道本線,品川,35.630152,139.74044,2016/2/1 12:30:01
東京都,JR東海道本線,川崎,35.531328,139.696899,2016/2/1 12:30:01
東京都,JR東海道本線,横浜,35.466188,139.622715,2016/2/1 12:30:01
東京都,JR東海道本線,戸塚,35.400612,139.534202,2016/2/1 12:30:01
東京都,JR東海道本線,大船,35.353435,139.531124,2016/2/1 12:30:01
東京都,JR東海道本線,藤沢,35.337196,139.487292,2016/2/1 12:30:01
東京都,JR東海道本線,辻堂,35.336847,139.447106,2016/2/1 12:30:01
東京都,JR東海道本線,茅ヶ崎,35.33031,139.406733,2016/2/1 12:30:01
東京都,JR東海道本線,平塚,35.327911,139.350596,2016/2/1 12:30:01
東京都,JR東海道本線,大磯,35.311221,139.313508,2016/2/1 12:30:01
東京都,JR東海道本線,二宮,35.298775,139.257769,2016/2/1 12:30:01
東京都,JR東海道本線,国府津,35.280832,139.212932,2016/2/1 12:30:01
東京都,JR東海道本線,鴨宮,35.27583,139.180211,2016/2/1 12:30:01
東京都,JR東海道本線,小田原,35.25642,139.154904,2016/2/1 12:30:01
東京都,JR東海道本線,早川,35.239083,139.14537,2016/2/1 12:30:01
東京都,JR東海道本線,根府川,35.202719,139.138485,2016/2/1 12:30:01
東京都,JR東海道本線,真鶴,35.156804,139.132484,2016/2/1 12:30:01
東京都,JR東海道本線,湯河原,35.145944,139.10219,2016/2/1 12:30:01
東京都,JR東海道本線,熱海,35.103217,139.07776,2016/2/1 12:30:01
東京都,JR中央本線,東京,35.681382,139.766084,2016/2/1 12:30:01
東京都,JR中央本線,四ツ谷,35.686014,139.730667,2016/2/1 12:30:01
東京都,JR中央本線,新宿,35.690921,139.700258,2016/2/1 12:30:01
東京都,JR中央本線,吉祥寺,35.702811,139.579804,2016/2/1 12:30:01
東京都,JR中央本線,三鷹,35.702708,139.560831,2016/2/1 12:30:01
東京都,JR中央本線,国分寺,35.700256,139.480257,2016/2/1 12:30:01
東京都,JR中央本線,立川,35.697899,139.413957,2016/2/1 12:30:01
東京都,JR中央本線,日野,35.679245,139.393998,2016/2/1 12:30:01
東京都,JR中央本線,豊田,35.659502,139.381495,2016/2/1 12:30:01
東京都,JR中央本線,八王子,35.655641,139.338968,2016/2/1 12:30:01
東京都,JR中央本線,西八王子,35.656777,139.312517,2016/2/1 12:30:01
東京都,JR中央本線,高尾,35.642228,139.281787,2016/2/1 12:30:01
東京都,JR中央本線,相模湖,35.61703,139.188953,2016/2/1 12:30:01
東京都,JR中央本線,藤野,35.615832,139.15247,2016/2/1 12:30:01
東京都,JR中央本線,上野原,35.618727,139.115768,2016/2/1 12:30:01
東京都,JR中央本線,四方津,35.61426,139.0726,2016/2/1 12:30:01
東京都,JR中央本線,梁川,35.605394,139.038192,2016/2/1 12:30:01
東京都,JR中央本線,鳥沢,35.608301,139.003398,2016/2/1 12:30:01
東京都,JR中央本線,猿橋,35.612766,138.967711,2016/2/1 12:30:01
東京都,JR中央本線,大月,35.612949,138.942191,2016/2/1 12:30:01
東京都,JR中央本線,初狩,35.594613,138.884402,2016/2/1 12:30:01
東京都,JR中央本線,笹子,35.604152,138.827049,2016/2/1 12:30:01
東京都,JR中央本線,甲斐大和,35.63962,138.780702,2016/2/1 12:30:01
東京都,JR中央本線,勝沼ぶどう郷,35.672446,138.742993,2016/2/1 12:30:01
東京都,JR中央本線,塩山,35.705402,138.734599,2016/2/1 12:30:01
東京都,JR中央本線,東山梨,35.694172,138.702687,2016/2/1 12:30:01
東京都,JR中央本線,山梨市,35.685064,138.683184,2016/2/1 12:30:01
東京都,JR中央本線,春日居町,35.673502,138.659053,2016/2/1 12:30:01
東京都,JR中央本線,石和温泉,35.657559,138.63528,2016/2/1 12:30:01
東京都,JR中央本線,酒折,35.659423,138.599207,2016/2/1 12:30:01
東京都,JR中央本線,甲府,35.66716,138.568993,2016/2/1 12:30:01
東京都,JR中央本線,竜王,35.668772,138.519745,2016/2/1 12:30:01
東京都,JR中央本線,塩崎,35.687725,138.487521,2016/2/1 12:30:01
東京都,JR中央本線,韮崎,35.7104,138.450918,2016/2/1 12:30:01
東京都,JR中央本線,新府,35.73723,138.433346,2016/2/1 12:30:01
東京都,JR中央本線,穴山,35.751089,138.413986,2016/2/1 12:30:01
東京都,JR中央本線,日野春,35.790059,138.394691,2016/2/1 12:30:01
東京都,JR中央本線,長坂,35.827414,138.366909,2016/2/1 12:30:01
東京都,JR中央本線,小淵沢,35.863552,138.316932,2016/2/1 12:30:01
東京都,JR中央本線,信濃境,35.884696,138.275666,2016/2/1 12:30:01
東京都,JR中央本線,富士見,35.912063,138.23829,2016/2/1 12:30:01
東京都,JR中央本線,すずらんの里,35.930352,138.212028,2016/2/1 12:30:01
東京都,JR中央本線,青柳,35.94235,138.19767,2016/2/1 12:30:01
東京都,JR中央本線,茅野,35.994126,138.152255,2016/2/1 12:30:01
東京都,JR中央本線,上諏訪,36.04676,138.116464,2016/2/1 12:30:01
東京都,JR中央本線,下諏訪,36.072106,138.084783,2016/2/1 12:30:01
東京都,JR中央本線,岡谷,36.056743,138.044615,2016/2/1 12:30:01
東京都,JR中央本線,みどり湖,36.094281,137.981878,2016/2/1 12:30:01
東京都,JR中央本線,川岸,36.032991,138.022068,2016/2/1 12:30:01
東京都,JR中央本線,辰野,35.984585,137.997863,2016/2/1 12:30:01
東京都,JR中央本線,信濃川島,36.012736,137.972625,2016/2/1 12:30:01
東京都,JR中央本線,小野,36.046873,137.970602,2016/2/1 12:30:01
東京都,JR中央本線,塩尻,36.114336,137.947822,2016/2/1 12:30:01
東京都,JR高崎線,上野,35.713768,139.777254,2016/2/1 12:30:01
東京都,JR高崎線,尾久,35.746783,139.754635,2016/2/1 12:30:01
東京都,JR高崎線,赤羽,35.778051,139.720856,2016/2/1 12:30:01
東京都,JR高崎線,浦和,35.858482,139.657087,2016/2/1 12:30:01
東京都,JR高崎線,さいたま新都心,35.893867,139.633587,2016/2/1 12:30:01
東京都,JR高崎線,大宮,35.906295,139.623999,2016/2/1 12:30:01
東京都,JR高崎線,宮原,35.940265,139.609558,2016/2/1 12:30:01
東京都,JR高崎線,上尾,35.973534,139.588451,2016/2/1 12:30:01
東京都,JR高崎線,北上尾,35.985632,139.577223,2016/2/1 12:30:01
東京都,JR高崎線,桶川,35.998814,139.564013,2016/2/1 12:30:01
東京都,JR高崎線,北本,36.031618,139.533994,2016/2/1 12:30:01
東京都,JR高崎線,鴻巣,36.059225,139.509646,2016/2/1 12:30:01
東京都,JR高崎線,北鴻巣,36.085571,139.477041,2016/2/1 12:30:01
東京都,JR高崎線,吹上,36.103237,139.45317,2016/2/1 12:30:01
東京都,JR高崎線,行田,36.113863,139.432264,2016/2/1 12:30:01
東京都,JR高崎線,熊谷,36.139702,139.389942,2016/2/1 12:30:01
東京都,JR高崎線,籠原,36.174675,139.330516,2016/2/1 12:30:01
東京都,JR高崎線,深谷,36.191503,139.281011,2016/2/1 12:30:01
東京都,JR高崎線,岡部,36.20587,139.237638,2016/2/1 12:30:01
東京都,JR高崎線,本庄,36.236132,139.18863,2016/2/1 12:30:01
東京都,JR高崎線,神保原,36.25374,139.149289,2016/2/1 12:30:01
東京都,JR高崎線,新町,36.273148,139.10551,2016/2/1 12:30:01
東京都,JR高崎線,倉賀野,36.30028,139.049171,2016/2/1 12:30:01
東京都,JR高崎線,高崎,36.322356,139.013057,2016/2/1 12:30:01
東京都,JR常磐線,上野,35.713768,139.777254,2016/2/1 12:30:01
東京都,JR常磐線,日暮里,35.727772,139.770987,2016/2/1 12:30:01
東京都,JR常磐線,三河島,35.733485,139.776434,2016/2/1 12:30:01
東京都,JR常磐線,南千住,35.733336,139.799171,2016/2/1 12:30:01
東京都,JR常磐線,北千住,35.749412,139.805108,2016/2/1 12:30:01
東京都,JR常磐線,松戸,35.784344,139.900666,2016/2/1 12:30:01
東京都,JR常磐線,柏,35.862222,139.971054,2016/2/1 12:30:01
東京都,JR常磐線,我孫子,35.872454,140.010855,2016/2/1 12:30:01
東京都,JR常磐線,天王台,35.872539,140.040899,2016/2/1 12:30:01
東京都,JR常磐線,取手,35.896455,140.063126,2016/2/1 12:30:01
東京都,JR常磐線,藤代,35.920581,140.118273,2016/2/1 12:30:01
東京都,JR常磐線,佐貫,35.930069,140.138218,2016/2/1 12:30:01
東京都,JR常磐線,牛久,35.975631,140.140983,2016/2/1 12:30:01
東京都,JR常磐線,ひたち野うしく,36.007385,140.158383,2016/2/1 12:30:01
東京都,JR常磐線,荒川沖,36.03076,140.166101,2016/2/1 12:30:01
東京都,JR常磐線,土浦,36.078014,140.206025,2016/2/1 12:30:01
東京都,JR常磐線,神立,36.120549,140.24847,2016/2/1 12:30:01
東京都,JR常磐線,高浜,36.163768,140.294861,2016/2/1 12:30:01
東京都,JR常磐線,石岡,36.191006,140.279904,2016/2/1 12:30:01
東京都,JR常磐線,羽鳥,36.247275,140.286784,2016/2/1 12:30:01
東京都,JR常磐線,岩間,36.295294,140.27629,2016/2/1 12:30:01
東京都,JR常磐線,友部,36.350755,140.306276,2016/2/1 12:30:01
東京都,JR常磐線,内原,36.370584,140.353256,2016/2/1 12:30:01
東京都,JR常磐線,赤塚,36.381897,140.415228,2016/2/1 12:30:01
東京都,JR常磐線,水戸,36.371091,140.476207,2016/2/1 12:30:01
東京都,JR常磐線,勝田,36.393693,140.524272,2016/2/1 12:30:01
東京都,JR常磐線,佐和,36.43004,140.540199,2016/2/1 12:30:01
東京都,JR常磐線,東海,36.465422,140.565843,2016/2/1 12:30:01
東京都,JR常磐線,大甕,36.51306,140.619782,2016/2/1 12:30:01
東京都,JR常磐線,常陸多賀,36.552109,140.632365,2016/2/1 12:30:01
東京都,JR常磐線,日立,36.591924,140.661697,2016/2/1 12:30:01
東京都,JR常磐線,小木津,36.636781,140.675177,2016/2/1 12:30:01
東京都,JR常磐線,十王,36.671385,140.68623,2016/2/1 12:30:01
東京都,JR常磐線,高萩,36.714767,140.716652,2016/2/1 12:30:01
東京都,JR常磐線,南中郷,36.75316,140.729103,2016/2/1 12:30:01
東京都,JR常磐線,磯原,36.790457,140.746085,2016/2/1 12:30:01
東京都,JR常磐線,大津港,36.846521,140.778229,2016/2/1 12:30:01
東京都,JR常磐線,勿来,36.884216,140.786887,2016/2/1 12:30:01
東京都,JR常磐線,植田,36.920648,140.796797,2016/2/1 12:30:01
東京都,JR常磐線,泉,37.778537,140.445625,2016/2/1 12:30:01
東京都,JR常磐線,湯本,37.006478,140.849957,2016/2/1 12:30:01
東京都,JR常磐線,内郷,37.035703,140.854944,2016/2/1 12:30:01
東京都,JR常磐線,いわき,37.058182,140.892126,2016/2/1 12:30:01
東京都,JR常磐線,草野,37.073819,140.947568,2016/2/1 12:30:01
東京都,JR常磐線,四ツ倉,37.102527,140.981324,2016/2/1 12:30:01
東京都,JR常磐線,久ノ浜,37.142326,140.995924,2016/2/1 12:30:01
東京都,JR常磐線,末続,37.172472,140.995351,2016/2/1 12:30:01
東京都,JR常磐線,広野,37.212145,140.999085,2016/2/1 12:30:01
東京都,JR常磐線,木戸,37.257861,141.00247,2016/2/1 12:30:01
東京都,JR常磐線,竜田,37.282688,141.00258,2016/2/1 12:30:01
東京都,JR常磐線,富岡,37.334299,141.022541,2016/2/1 12:30:01
東京都,JR常磐線,夜ノ森,37.365794,140.991994,2016/2/1 12:30:01
東京都,JR常磐線,大野,37.409153,140.983901,2016/2/1 12:30:01
東京都,JR常磐線,双葉,37.453692,141.005973,2016/2/1 12:30:01
東京都,JR常磐線,浪江,37.492171,140.990038,2016/2/1 12:30:01
東京都,JR常磐線,桃内,37.528738,140.984541,2016/2/1 12:30:01
東京都,JR常磐線,小高,37.56296,140.996181,2016/2/1 12:30:01
東京都,JR常磐線,磐城太田,37.604695,140.991766,2016/2/1 12:30:01
東京都,JR常磐線,原ノ町,37.637581,140.971263,2016/2/1 12:30:01
東京都,JR常磐線,鹿島,37.702524,140.970098,2016/2/1 12:30:01
東京都,JR常磐線,日立木,37.756017,140.934881,2016/2/1 12:30:01
東京都,JR常磐線,相馬,37.802796,140.925461,2016/2/1 12:30:01
東京都,JR常磐線,駒ヶ嶺,37.842372,140.925095,2016/2/1 12:30:01
東京都,JR常磐線,新地,37.881062,140.92654,2016/2/1 12:30:01
東京都,JR常磐線,坂元,37.928562,140.912411,2016/2/1 12:30:01
東京都,JR常磐線,山下,37.967407,140.900544,2016/2/1 12:30:01
東京都,JR常磐線,浜吉田,38.002301,140.889849,2016/2/1 12:30:01
東京都,JR常磐線,亘理,38.039646,140.861267,2016/2/1 12:30:01
東京都,JR常磐線,逢隈,38.0676,140.854758,2016/2/1 12:30:01
東京都,JR常磐線,岩沼,38.111889,140.864102,2016/2/1 12:30:01
東京都,JR常磐線,館腰,38.143117,140.880208,2016/2/1 12:30:01
東京都,JR常磐線,名取,38.173119,140.882808,2016/2/1 12:30:01
東京都,JR常磐線,南仙台,38.197392,140.883487,2016/2/1 12:30:01
東京都,JR常磐線,太子堂,38.217846,140.883326,2016/2/1 12:30:01
東京都,JR常磐線,長町,38.227042,140.885528,2016/2/1 12:30:01
東京都,JR常磐線,仙台,38.260297,140.882049,2016/2/1 12:30:01
東京都,JR常磐線「快速」,上野,35.713768,139.777254,2016/2/1 12:30:01
東京都,JR常磐線「快速」,日暮里,35.727772,139.770987,2016/2/1 12:30:01
東京都,JR常磐線「快速」,三河島,35.733485,139.776434,2016/2/1 12:30:01
東京都,JR常磐線「快速」,南千住,35.733336,139.799171,2016/2/1 12:30:01
東京都,JR常磐線「快速」,北千住,35.749412,139.805108,2016/2/1 12:30:01
東京都,JR常磐線「快速」,松戸,35.784344,139.900666,2016/2/1 12:30:01
東京都,JR常磐線「快速」,柏,35.862222,139.971054,2016/2/1 12:30:01
東京都,JR常磐線「快速」,我孫子,35.872454,140.010855,2016/2/1 12:30:01
東京都,JR常磐線「快速」,天王台,35.872539,140.040899,2016/2/1 12:30:01
東京都,JR常磐線「快速」,取手,35.896455,140.063126,2016/2/1 12:30:01
東京都,JR湘南新宿ライン,大宮,35.906295,139.623999,2016/2/1 12:30:01
東京都,JR湘南新宿ライン,赤羽,35.778051,139.720856,2016/2/1 12:30:01
東京都,JR湘南新宿ライン,池袋,35.728926,139.71038,2016/2/1 12:30:01
東京都,JR湘南新宿ライン,新宿,35.690921,139.700258,2016/2/1 12:30:01
東京都,JR湘南新宿ライン,渋谷,35.658517,139.701334,2016/2/1 12:30:01
東京都,JR湘南新宿ライン,恵比寿,35.64669,139.710106,2016/2/1 12:30:01
東京都,JR湘南新宿ライン,大崎,35.6197,139.728553,2016/2/1 12:30:01
東京都,JR湘南新宿ライン,西大井,35.601799,139.721812,2016/2/1 12:30:01
東京都,JR湘南新宿ライン,武蔵小杉,35.575741,139.659664,2016/2/1 12:30:01
東京都,JR湘南新宿ライン,新川崎,35.551395,139.671734,2016/2/1 12:30:01
東京都,JR湘南新宿ライン,横浜,35.466188,139.622715,2016/2/1 12:30:01
東京都,JR湘南新宿ライン,保土ヶ谷,35.446727,139.599624,2016/2/1 12:30:01
東京都,JR湘南新宿ライン,東戸塚,35.430495,139.55675,2016/2/1 12:30:01
東京都,JR湘南新宿ライン,戸塚,35.400612,139.534202,2016/2/1 12:30:01
東京都,JR湘南新宿ライン,大船,35.353435,139.531124,2016/2/1 12:30:01
東京都,JR五日市線,拝島,35.721136,139.343654,2016/2/1 12:30:01
東京都,JR五日市線,熊川,35.728438,139.335396,2016/2/1 12:30:01
東京都,JR五日市線,東秋留,35.725907,139.310926,2016/2/1 12:30:01
東京都,JR五日市線,秋川,35.728064,139.28667,2016/2/1 12:30:01
東京都,JR五日市線,武蔵引田,35.729844,139.27021,2016/2/1 12:30:01
東京都,JR五日市線,武蔵増戸,35.730863,139.255903,2016/2/1 12:30:01
東京都,JR五日市線,武蔵五日市,35.732248,139.228039,2016/2/1 12:30:01
東京都,JR八高線,八王子,35.655641,139.338968,2016/2/1 12:30:01
東京都,JR八高線,北八王子,35.669348,139.363379,2016/2/1 12:30:01
東京都,JR八高線,小宮,35.685466,139.368798,2016/2/1 12:30:01
東京都,JR八高線,拝島,35.721136,139.343654,2016/2/1 12:30:01
東京都,JR八高線,東福生,35.745758,139.335951,2016/2/1 12:30:01
東京都,JR八高線,箱根ヶ崎,35.771392,139.346716,2016/2/1 12:30:01
東京都,JR八高線,金子,35.811042,139.328652,2016/2/1 12:30:01
東京都,JR八高線,東飯能,35.85267,139.325945,2016/2/1 12:30:01
東京都,JR八高線,高麗川,35.896281,139.337951,2016/2/1 12:30:01
東京都,都営浅草線,押上,35.710702,139.812935,2016/2/1 12:30:01
東京都,都営浅草線,本所吾妻橋,35.70858,139.804624,2016/2/1 12:30:01
東京都,都営浅草線,浅草,35.712074,139.79843,2016/2/1 12:30:01
東京都,都営浅草線,蔵前,35.703236,139.790931,2016/2/1 12:30:01
東京都,都営浅草線,浅草橋,35.697467,139.785976,2016/2/1 12:30:01
東京都,都営浅草線,東日本橋,35.692126,139.784821,2016/2/1 12:30:01
東京都,都営浅草線,人形町,35.686307,139.782285,2016/2/1 12:30:01
東京都,都営浅草線,日本橋,35.682413,139.773919,2016/2/1 12:30:01
東京都,都営浅草線,宝町,35.675461,139.771767,2016/2/1 12:30:01
東京都,都営浅草線,東銀座,35.669464,139.767253,2016/2/1 12:30:01
東京都,都営浅草線,新橋,35.665498,139.75964,2016/2/1 12:30:01
東京都,都営浅草線,大門,35.656785,139.75466,2016/2/1 12:30:01
東京都,都営浅草線,三田,35.64818,139.748775,2016/2/1 12:30:01
東京都,都営浅草線,泉岳寺,35.638692,139.74002,2016/2/1 12:30:01
東京都,都営浅草線,高輪台,35.631679,139.730305,2016/2/1 12:30:01
東京都,都営浅草線,五反田,35.626446,139.723444,2016/2/1 12:30:01
東京都,都営浅草線,戸越,35.614719,139.716398,2016/2/1 12:30:01
東京都,都営浅草線,中延,35.605479,139.713679,2016/2/1 12:30:01
東京都,都営浅草線,馬込,35.596435,139.711772,2016/2/1 12:30:01
東京都,都営浅草線,西馬込,35.586859,139.705942,2016/2/1 12:30:01
東京都,都営新宿線,新宿,35.690921,139.700258,2016/2/1 12:30:01
東京都,都営新宿線,新宿三丁目,35.690616,139.706271,2016/2/1 12:30:01
東京都,都営新宿線,曙橋,35.691008,139.735585,2016/2/1 12:30:01
東京都,都営新宿線,市ヶ谷,35.692402,139.722881,2016/2/1 12:30:01
東京都,都営新宿線,九段下,35.695589,139.751948,2016/2/1 12:30:01
東京都,都営新宿線,神保町,35.695492,139.75812,2016/2/1 12:30:01
東京都,都営新宿線,小川町,35.695434,139.767575,2016/2/1 12:30:01
東京都,都営新宿線,岩本町,35.695534,139.775866,2016/2/1 12:30:01
東京都,都営新宿線,馬喰横山,35.69212,139.782768,2016/2/1 12:30:01
東京都,都営新宿線,浜町,35.688516,139.788154,2016/2/1 12:30:01
東京都,都営新宿線,森下,35.68796,139.797042,2016/2/1 12:30:01
東京都,都営新宿線,菊川,35.688379,139.806016,2016/2/1 12:30:01
東京都,都営新宿線,住吉,35.689071,139.815651,2016/2/1 12:30:01
東京都,都営新宿線,西大島,35.689349,139.826206,2016/2/1 12:30:01
東京都,都営新宿線,大島,35.689905,139.83565,2016/2/1 12:30:01
東京都,都営新宿線,東大島,35.690347,139.84596,2016/2/1 12:30:01
東京都,都営新宿線,船堀,35.683732,139.864333,2016/2/1 12:30:01
東京都,都営新宿線,一之江,35.686055,139.882934,2016/2/1 12:30:01
東京都,都営新宿線,瑞江,35.693318,139.89761,2016/2/1 12:30:01
東京都,都営新宿線,篠崎,35.706017,139.903698,2016/2/1 12:30:01
東京都,都営新宿線,本八幡,35.720837,139.927441,2016/2/1 12:30:01
東京都,都営大江戸線,光が丘,35.758526,139.628603,2016/2/1 12:30:01
東京都,都営大江戸線,練馬春日町,35.751135,139.641058,2016/2/1 12:30:01
東京都,都営大江戸線,豊島園,35.741964,139.647941,2016/2/1 12:30:01
東京都,都営大江戸線,練馬,35.73782,139.653566,2016/2/1 12:30:01
東京都,都営大江戸線,新江古田,35.732538,139.670653,2016/2/1 12:30:01
東京都,都営大江戸線,落合南長崎,35.723608,139.683303,2016/2/1 12:30:01
東京都,都営大江戸線,中井,35.715065,139.687264,2016/2/1 12:30:01
東京都,都営大江戸線,東中野,35.70623,139.685842,2016/2/1 12:30:01
東京都,都営大江戸線,中野坂上,35.69792,139.68291,2016/2/1 12:30:01
東京都,都営大江戸線,西新宿五丁目,35.689798,139.684304,2016/2/1 12:30:01
東京都,都営大江戸線,都庁前,35.690551,139.69257,2016/2/1 12:30:01
東京都,都営大江戸線,新宿,35.690921,139.700258,2016/2/1 12:30:01
東京都,都営大江戸線,代々木,35.683061,139.702042,2016/2/1 12:30:01
東京都,都営大江戸線,国立競技場,35.680059,139.714127,2016/2/1 12:30:01
東京都,都営大江戸線,青山一丁目,35.672765,139.724159,2016/2/1 12:30:01
東京都,都営大江戸線,六本木,35.662836,139.731443,2016/2/1 12:30:01
東京都,都営大江戸線,麻布十番,35.654682,139.737051,2016/2/1 12:30:01
東京都,都営大江戸線,赤羽橋,35.655007,139.743642,2016/2/1 12:30:01
東京都,都営大江戸線,大門,35.656785,139.75466,2016/2/1 12:30:01
東京都,都営大江戸線,汐留,35.66279,139.759848,2016/2/1 12:30:01
東京都,都営大江戸線,築地市場,35.664895,139.766915,2016/2/1 12:30:01
東京都,都営大江戸線,勝どき,35.658507,139.776442,2016/2/1 12:30:01
東京都,都営大江戸線,月島,35.664871,139.784233,2016/2/1 12:30:01
東京都,都営大江戸線,門前仲町,35.671984,139.795787,2016/2/1 12:30:01
東京都,都営大江戸線,清澄白河,35.682105,139.798851,2016/2/1 12:30:01
東京都,都営大江戸線,森下,35.68796,139.797042,2016/2/1 12:30:01
東京都,都営大江戸線,両国,35.696123,139.792515,2016/2/1 12:30:01
東京都,都営大江戸線,蔵前,35.703236,139.790931,2016/2/1 12:30:01
東京都,都営大江戸線,新御徒町,35.707055,139.78194,2016/2/1 12:30:01
東京都,都営大江戸線,上野御徒町,35.707893,139.774332,2016/2/1 12:30:01
東京都,都営大江戸線,本郷三丁目,35.706671,139.759914,2016/2/1 12:30:01
東京都,都営大江戸線,春日,35.709637,139.753261,2016/2/1 12:30:01
東京都,都営大江戸線,飯田橋,35.702065,139.745015,2016/2/1 12:30:01
東京都,都営大江戸線,牛込神楽坂,35.700851,139.735802,2016/2/1 12:30:01
東京都,都営大江戸線,牛込柳町,35.699518,139.725027,2016/2/1 12:30:01
東京都,都営大江戸線,若松河田,35.699218,139.718184,2016/2/1 12:30:01
東京都,都営大江戸線,東新宿,35.69792,139.707549,2016/2/1 12:30:01
東京都,都営大江戸線,新宿西口,35.693315,139.699155,2016/2/1 12:30:01
東京都,都営三田線,西高島平,35.791938,139.64589,2016/2/1 12:30:01
東京都,都営三田線,新高島平,35.790294,139.654267,2016/2/1 12:30:01
東京都,都営三田線,高島平,35.788833,139.661172,2016/2/1 12:30:01
東京都,都営三田線,西台,35.786926,139.673987,2016/2/1 12:30:01
東京都,都営三田線,蓮根,35.784174,139.67904,2016/2/1 12:30:01
東京都,都営三田線,志村三丁目,35.777464,139.685962,2016/2/1 12:30:01
東京都,都営三田線,志村坂上,35.775725,139.69538,2016/2/1 12:30:01
東京都,都営三田線,本蓮沼,35.768782,139.702324,2016/2/1 12:30:01
東京都,都営三田線,板橋本町,35.761339,139.705535,2016/2/1 12:30:01
東京都,都営三田線,板橋区役所前,35.751326,139.710166,2016/2/1 12:30:01
東京都,都営三田線,新板橋,35.748802,139.719604,2016/2/1 12:30:01
東京都,都営三田線,西巣鴨,35.743508,139.728712,2016/2/1 12:30:01
東京都,都営三田線,巣鴨,35.733492,139.739345,2016/2/1 12:30:01
東京都,都営三田線,千石,35.727957,139.744792,2016/2/1 12:30:01
東京都,都営三田線,白山,35.72133,139.752078,2016/2/1 12:30:01
東京都,都営三田線,春日,35.709637,139.753261,2016/2/1 12:30:01
東京都,都営三田線,水道橋,35.70203,139.753653,2016/2/1 12:30:01
東京都,都営三田線,神保町,35.695492,139.75812,2016/2/1 12:30:01
東京都,都営三田線,大手町,35.684801,139.766086,2016/2/1 12:30:01
東京都,都営三田線,日比谷,35.675114,139.759765,2016/2/1 12:30:01
東京都,都営三田線,内幸町,35.66975,139.75561,2016/2/1 12:30:01
東京都,都営三田線,御成門,35.661215,139.751535,2016/2/1 12:30:01
東京都,都営三田線,芝公園,35.654071,139.749838,2016/2/1 12:30:01
東京都,都営三田線,三田,35.64818,139.748775,2016/2/1 12:30:01
東京都,都営三田線,白金高輪,35.642903,139.734104,2016/2/1 12:30:01
東京都,都営三田線,白金台,35.637917,139.726133,2016/2/1 12:30:01
東京都,都営三田線,目黒,35.633998,139.715828,2016/2/1 12:30:01
東京都,都営日暮里・舎人ライナー,日暮里,35.727772,139.770987,2016/2/1 12:30:01
東京都,都営日暮里・舎人ライナー,西日暮里,35.732135,139.766787,2016/2/1 12:30:01
東京都,都営日暮里・舎人ライナー,赤土小学校前,35.742859,139.769012,2016/2/1 12:30:01
東京都,都営日暮里・舎人ライナー,熊野前,35.749169,139.769225,2016/2/1 12:30:01
東京都,都営日暮里・舎人ライナー,足立小台,35.754663,139.770383,2016/2/1 12:30:01
東京都,都営日暮里・舎人ライナー,扇大橋,35.763949,139.770807,2016/2/1 12:30:01
東京都,都営日暮里・舎人ライナー,高野,35.768409,139.770682,2016/2/1 12:30:01
東京都,都営日暮里・舎人ライナー,江北,35.773936,139.77031,2016/2/1 12:30:01
東京都,都営日暮里・舎人ライナー,西新井大師西,35.781505,139.770087,2016/2/1 12:30:01
東京都,都営日暮里・舎人ライナー,谷在家,35.788781,139.770057,2016/2/1 12:30:01
東京都,都営日暮里・舎人ライナー,舎人公園,35.7964,139.770181,2016/2/1 12:30:01
東京都,都営日暮里・舎人ライナー,舎人,35.805673,139.770103,2016/2/1 12:30:01
東京都,都営日暮里・舎人ライナー,見沼代親水公園,35.81453,139.77072,2016/2/1 12:30:01
東京都,東京メトロ丸ノ内線,池袋,35.728926,139.71038,2016/2/1 12:30:01
東京都,東京メトロ丸ノ内線,新大塚,35.725793,139.729915,2016/2/1 12:30:01
東京都,東京メトロ丸ノ内線,茗荷谷,35.717305,139.736734,2016/2/1 12:30:01
東京都,東京メトロ丸ノ内線,後楽園,35.707337,139.7512,2016/2/1 12:30:01
東京都,東京メトロ丸ノ内線,本郷三丁目,35.706671,139.759914,2016/2/1 12:30:01
東京都,東京メトロ丸ノ内線,御茶ノ水,35.699855,139.763786,2016/2/1 12:30:01
東京都,東京メトロ丸ノ内線,淡路町,35.695434,139.767575,2016/2/1 12:30:01
東京都,東京メトロ丸ノ内線,大手町,35.684801,139.766086,2016/2/1 12:30:01
東京都,東京メトロ丸ノ内線,東京,35.681382,139.766084,2016/2/1 12:30:01
東京都,東京メトロ丸ノ内線,銀座,35.671989,139.763965,2016/2/1 12:30:01
東京都,東京メトロ丸ノ内線,霞ヶ関,35.673838,139.750899,2016/2/1 12:30:01
東京都,東京メトロ丸ノ内線,国会議事堂前,35.67393,139.745219,2016/2/1 12:30:01
東京都,東京メトロ丸ノ内線,赤坂見附,35.677021,139.737047,2016/2/1 12:30:01
東京都,東京メトロ丸ノ内線,四ツ谷,35.686014,139.730667,2016/2/1 12:30:01
東京都,東京メトロ丸ノ内線,四谷三丁目,35.687958,139.720103,2016/2/1 12:30:01
東京都,東京メトロ丸ノ内線,新宿御苑前,35.688588,139.71069,2016/2/1 12:30:01
東京都,東京メトロ丸ノ内線,新宿三丁目,35.690616,139.706271,2016/2/1 12:30:01
東京都,東京メトロ丸ノ内線,新宿,35.690921,139.700258,2016/2/1 12:30:01
東京都,東京メトロ丸ノ内線,西新宿,35.694298,139.692778,2016/2/1 12:30:01
東京都,東京メトロ丸ノ内線,中野坂上,35.69792,139.68291,2016/2/1 12:30:01
東京都,東京メトロ丸ノ内線,中野新橋,35.692123,139.673997,2016/2/1 12:30:01
東京都,東京メトロ丸ノ内線,中野富士見町,35.690514,139.666933,2016/2/1 12:30:01
東京都,東京メトロ丸ノ内線,方南町,35.683496,139.656498,2016/2/1 12:30:01
東京都,東京メトロ丸ノ内線,新中野,35.697491,139.66903,2016/2/1 12:30:01
東京都,東京メトロ丸ノ内線,東高円寺,35.697802,139.657822,2016/2/1 12:30:01
東京都,東京メトロ丸ノ内線,新高円寺,35.697985,139.648068,2016/2/1 12:30:01
東京都,東京メトロ丸ノ内線,南阿佐ヶ谷,35.699624,139.63576,2016/2/1 12:30:01
東京都,東京メトロ丸ノ内線,荻窪,35.704632,139.619981,2016/2/1 12:30:01
東京都,東京メトロ有楽町線,和光市,35.788515,139.612343,2016/2/1 12:30:01
東京都,東京メトロ有楽町線,地下鉄成増,35.776557,139.631497,2016/2/1 12:30:01
東京都,東京メトロ有楽町線,地下鉄赤塚,35.77053,139.644543,2016/2/1 12:30:01
東京都,東京メトロ有楽町線,平和台,35.757863,139.653762,2016/2/1 12:30:01
東京都,東京メトロ有楽町線,氷川台,35.749822,139.665023,2016/2/1 12:30:01
東京都,東京メトロ有楽町線,小竹向原,35.743803,139.678572,2016/2/1 12:30:01
東京都,東京メトロ有楽町線,千川,35.738418,139.689157,2016/2/1 12:30:01
東京都,東京メトロ有楽町線,要町,35.73323,139.698715,2016/2/1 12:30:01
東京都,東京メトロ有楽町線,池袋,35.728926,139.71038,2016/2/1 12:30:01
東京都,東京メトロ有楽町線,東池袋,35.725362,139.720435,2016/2/1 12:30:01
東京都,東京メトロ有楽町線,護国寺,35.719044,139.72754,2016/2/1 12:30:01
東京都,東京メトロ有楽町線,江戸川橋,35.709495,139.733538,2016/2/1 12:30:01
東京都,東京メトロ有楽町線,飯田橋,35.702065,139.745015,2016/2/1 12:30:01
東京都,東京メトロ有楽町線,市ヶ谷,35.691008,139.735585,2016/2/1 12:30:01
東京都,東京メトロ有楽町線,麹町,35.684006,139.737613,2016/2/1 12:30:01
東京都,東京メトロ有楽町線,永田町,35.678757,139.740258,2016/2/1 12:30:01
東京都,東京メトロ有楽町線,桜田門,35.677366,139.751757,2016/2/1 12:30:01
東京都,東京メトロ有楽町線,有楽町,35.675069,139.763328,2016/2/1 12:30:01
東京都,東京メトロ有楽町線,銀座一丁目,35.67435,139.767045,2016/2/1 12:30:01
東京都,東京メトロ有楽町線,新富町,35.670462,139.773711,2016/2/1 12:30:01
東京都,東京メトロ有楽町線,月島,35.664871,139.784233,2016/2/1 12:30:01
東京都,東京メトロ有楽町線,豊洲,35.654908,139.79621,2016/2/1 12:30:01
東京都,東京メトロ有楽町線,辰巳,35.645576,139.81052,2016/2/1 12:30:01
東京都,東京メトロ有楽町線,新木場,35.646157,139.827426,2016/2/1 12:30:01
東京都,東京メトロ銀座線,浅草,35.712074,139.79843,2016/2/1 12:30:01
東京都,東京メトロ銀座線,田原町,35.709855,139.7908,2016/2/1 12:30:01
東京都,東京メトロ銀座線,稲荷町,35.711352,139.782734,2016/2/1 12:30:01
東京都,東京メトロ銀座線,上野,35.713768,139.777254,2016/2/1 12:30:01
東京都,東京メトロ銀座線,上野広小路,35.70766,139.772977,2016/2/1 12:30:01
東京都,東京メトロ銀座線,末広町,35.702972,139.771713,2016/2/1 12:30:01
東京都,東京メトロ銀座線,神田,35.69169,139.770883,2016/2/1 12:30:01
東京都,東京メトロ銀座線,三越前,35.684888,139.773161,2016/2/1 12:30:01
東京都,東京メトロ銀座線,日本橋,35.682413,139.773919,2016/2/1 12:30:01
東京都,東京メトロ銀座線,京橋,35.67685,139.7701,2016/2/1 12:30:01
東京都,東京メトロ銀座線,銀座,35.671989,139.763965,2016/2/1 12:30:01
東京都,東京メトロ銀座線,新橋,35.665498,139.75964,2016/2/1 12:30:01
東京都,東京メトロ銀座線,虎ノ門,35.670236,139.749832,2016/2/1 12:30:01
東京都,東京メトロ銀座線,溜池山王,35.673621,139.741419,2016/2/1 12:30:01
東京都,東京メトロ銀座線,赤坂見附,35.677021,139.737047,2016/2/1 12:30:01
東京都,東京メトロ銀座線,青山一丁目,35.672765,139.724159,2016/2/1 12:30:01
東京都,東京メトロ銀座線,外苑前,35.670527,139.717857,2016/2/1 12:30:01
東京都,東京メトロ銀座線,表参道,35.665247,139.712314,2016/2/1 12:30:01
東京都,東京メトロ銀座線,渋谷,35.658517,139.701334,2016/2/1 12:30:01
東京都,東京メトロ日比谷線,北千住,35.749412,139.805108,2016/2/1 12:30:01
東京都,東京メトロ日比谷線,南千住,35.733336,139.799171,2016/2/1 12:30:01
東京都,東京メトロ日比谷線,三ノ輪,35.729528,139.79133,2016/2/1 12:30:01
東京都,東京メトロ日比谷線,入谷,35.720734,139.784542,2016/2/1 12:30:01
東京都,東京メトロ日比谷線,上野,35.713768,139.777254,2016/2/1 12:30:01
東京都,東京メトロ日比谷線,仲御徒町,35.706555,139.776202,2016/2/1 12:30:01
東京都,東京メトロ日比谷線,秋葉原,35.698683,139.774219,2016/2/1 12:30:01
東京都,東京メトロ日比谷線,小伝馬町,35.690737,139.778433,2016/2/1 12:30:01
東京都,東京メトロ日比谷線,人形町,35.686307,139.782285,2016/2/1 12:30:01
東京都,東京メトロ日比谷線,茅場町,35.679752,139.780005,2016/2/1 12:30:01
東京都,東京メトロ日比谷線,八丁堀,35.674617,139.777705,2016/2/1 12:30:01
東京都,東京メトロ日比谷線,築地,35.668115,139.772603,2016/2/1 12:30:01
東京都,東京メトロ日比谷線,東銀座,35.669464,139.767253,2016/2/1 12:30:01
東京都,東京メトロ日比谷線,銀座,35.671989,139.763965,2016/2/1 12:30:01
東京都,東京メトロ日比谷線,日比谷,35.675114,139.759765,2016/2/1 12:30:01
東京都,東京メトロ日比谷線,霞ヶ関,35.673838,139.750899,2016/2/1 12:30:01
東京都,東京メトロ日比谷線,神谷町,35.662978,139.745069,2016/2/1 12:30:01
東京都,東京メトロ日比谷線,六本木,35.662836,139.731443,2016/2/1 12:30:01
東京都,東京メトロ日比谷線,広尾,35.652279,139.722227,2016/2/1 12:30:01
東京都,東京メトロ日比谷線,恵比寿,35.64669,139.710106,2016/2/1 12:30:01
東京都,東京メトロ日比谷線,中目黒,35.644307,139.699157,2016/2/1 12:30:01
東京都,東京メトロ東西線,西船橋,35.707452,139.959097,2016/2/1 12:30:01
東京都,東京メトロ東西線,原木中山,35.7032,139.941876,2016/2/1 12:30:01
東京都,東京メトロ東西線,妙典,35.691613,139.925017,2016/2/1 12:30:01
東京都,東京メトロ東西線,行徳,35.682558,139.914235,2016/2/1 12:30:01
東京都,東京メトロ東西線,南行徳,35.672687,139.902311,2016/2/1 12:30:01
東京都,東京メトロ東西線,浦安,35.665743,139.892937,2016/2/1 12:30:01
東京都,東京メトロ東西線,葛西,35.663523,139.872694,2016/2/1 12:30:01
東京都,東京メトロ東西線,西葛西,35.664528,139.85937,2016/2/1 12:30:01
東京都,東京メトロ東西線,南砂町,35.668796,139.83065,2016/2/1 12:30:01
東京都,東京メトロ東西線,東陽町,35.669629,139.817596,2016/2/1 12:30:01
東京都,東京メトロ東西線,木場,35.669457,139.806528,2016/2/1 12:30:01
東京都,東京メトロ東西線,門前仲町,35.671984,139.795787,2016/2/1 12:30:01
東京都,東京メトロ東西線,茅場町,35.679752,139.780005,2016/2/1 12:30:01
東京都,東京メトロ東西線,日本橋,35.682413,139.773919,2016/2/1 12:30:01
東京都,東京メトロ東西線,大手町,35.684801,139.766086,2016/2/1 12:30:01
東京都,東京メトロ東西線,竹橋,35.690662,139.756817,2016/2/1 12:30:01
東京都,東京メトロ東西線,九段下,35.695589,139.751948,2016/2/1 12:30:01
東京都,東京メトロ東西線,飯田橋,35.702065,139.745015,2016/2/1 12:30:01
東京都,東京メトロ東西線,神楽坂,35.703904,139.734238,2016/2/1 12:30:01
東京都,東京メトロ東西線,早稲田,35.705723,139.721319,2016/2/1 12:30:01
東京都,東京メトロ東西線,高田馬場,35.712285,139.703782,2016/2/1 12:30:01
東京都,東京メトロ東西線,落合,35.71074,139.686337,2016/2/1 12:30:01
東京都,東京メトロ東西線,中野,35.706032,139.665652,2016/2/1 12:30:01
東京都,東京メトロ半蔵門線,渋谷,35.658517,139.701334,2016/2/1 12:30:01
東京都,東京メトロ半蔵門線,表参道,35.665247,139.712314,2016/2/1 12:30:01
東京都,東京メトロ半蔵門線,青山一丁目,35.672765,139.724159,2016/2/1 12:30:01
東京都,東京メトロ半蔵門線,永田町,35.678757,139.740258,2016/2/1 12:30:01
東京都,東京メトロ半蔵門線,半蔵門,35.685703,139.741644,2016/2/1 12:30:01
東京都,東京メトロ半蔵門線,九段下,35.695589,139.751948,2016/2/1 12:30:01
東京都,東京メトロ半蔵門線,神保町,35.695492,139.75812,2016/2/1 12:30:01
東京都,東京メトロ半蔵門線,大手町,35.684801,139.766086,2016/2/1 12:30:01
東京都,東京メトロ半蔵門線,三越前,35.684888,139.773161,2016/2/1 12:30:01
東京都,東京メトロ半蔵門線,水天宮前,35.682061,139.786035,2016/2/1 12:30:01
東京都,東京メトロ半蔵門線,清澄白河,35.682105,139.798851,2016/2/1 12:30:01
東京都,東京メトロ半蔵門線,住吉,35.689071,139.815651,2016/2/1 12:30:01
東京都,東京メトロ半蔵門線,錦糸町,35.696437,139.813949,2016/2/1 12:30:01
東京都,東京メトロ半蔵門線,押上,35.710702,139.812935,2016/2/1 12:30:01
東京都,東京メトロ副都心線,和光市,35.788515,139.612343,2016/2/1 12:30:01
東京都,東京メトロ副都心線,地下鉄成増,35.776557,139.631497,2016/2/1 12:30:01
東京都,東京メトロ副都心線,地下鉄赤塚,35.77053,139.644543,2016/2/1 12:30:01
東京都,東京メトロ副都心線,平和台,35.757863,139.653762,2016/2/1 12:30:01
東京都,東京メトロ副都心線,氷川台,35.749822,139.665023,2016/2/1 12:30:01
東京都,東京メトロ副都心線,小竹向原,35.743803,139.678572,2016/2/1 12:30:01
東京都,東京メトロ副都心線,千川,35.738418,139.689157,2016/2/1 12:30:01
東京都,東京メトロ副都心線,要町,35.73323,139.698715,2016/2/1 12:30:01
東京都,東京メトロ副都心線,池袋,35.728926,139.71038,2016/2/1 12:30:01
東京都,東京メトロ副都心線,雑司が谷,35.72034,139.715003,2016/2/1 12:30:01
東京都,東京メトロ副都心線,西早稲田,35.707941,139.709093,2016/2/1 12:30:01
東京都,東京メトロ副都心線,東新宿,35.69792,139.707549,2016/2/1 12:30:01
東京都,東京メトロ副都心線,新宿三丁目,35.690616,139.706271,2016/2/1 12:30:01
東京都,東京メトロ副都心線,北参道,35.678156,139.705678,2016/2/1 12:30:01
東京都,東京メトロ副都心線,明治神宮前,35.669071,139.703995,2016/2/1 12:30:01
東京都,東京メトロ副都心線,渋谷,35.658517,139.701334,2016/2/1 12:30:01
東京都,東京メトロ千代田線,代々木上原,35.669062,139.679678,2016/2/1 12:30:01
東京都,東京メトロ千代田線,代々木公園,35.668954,139.691318,2016/2/1 12:30:01
東京都,東京メトロ千代田線,明治神宮前,35.669071,139.703995,2016/2/1 12:30:01
東京都,東京メトロ千代田線,表参道,35.665247,139.712314,2016/2/1 12:30:01
東京都,東京メトロ千代田線,乃木坂,35.666572,139.726215,2016/2/1 12:30:01
東京都,東京メトロ千代田線,赤坂,35.672371,139.736539,2016/2/1 12:30:01
東京都,東京メトロ千代田線,国会議事堂前,35.67393,139.745219,2016/2/1 12:30:01
東京都,東京メトロ千代田線,霞ヶ関,35.673838,139.750899,2016/2/1 12:30:01
東京都,東京メトロ千代田線,日比谷,35.675114,139.759765,2016/2/1 12:30:01
東京都,東京メトロ千代田線,二重橋前,35.680366,139.761615,2016/2/1 12:30:01
東京都,東京メトロ千代田線,大手町,35.684801,139.766086,2016/2/1 12:30:01
東京都,東京メトロ千代田線,新御茶ノ水,35.698072,139.766014,2016/2/1 12:30:01
東京都,東京メトロ千代田線,湯島,35.708243,139.769916,2016/2/1 12:30:01
東京都,東京メトロ千代田線,根津,35.717373,139.765741,2016/2/1 12:30:01
東京都,東京メトロ千代田線,千駄木,35.725549,139.763243,2016/2/1 12:30:01
東京都,東京メトロ千代田線,西日暮里,35.732135,139.766787,2016/2/1 12:30:01
東京都,東京メトロ千代田線,町屋,35.742268,139.781435,2016/2/1 12:30:01
東京都,東京メトロ千代田線,北千住,35.749412,139.805108,2016/2/1 12:30:01
東京都,東京メトロ千代田線,綾瀬,35.762214,139.824914,2016/2/1 12:30:01
東京都,東京メトロ千代田線,北綾瀬,35.760493,139.46585,2016/2/1 12:30:01
東京都,東京メトロ南北線,赤羽岩淵,35.783417,139.722103,2016/2/1 12:30:01
東京都,東京メトロ南北線,志茂,35.777948,139.732599,2016/2/1 12:30:01
東京都,東京メトロ南北線,王子神谷,35.765172,139.735933,2016/2/1 12:30:01
東京都,東京メトロ南北線,王子,35.752474,139.738139,2016/2/1 12:30:01
東京都,東京メトロ南北線,西ヶ原,35.745902,139.742302,2016/2/1 12:30:01
東京都,東京メトロ南北線,駒込,35.736489,139.746875,2016/2/1 12:30:01
東京都,東京メトロ南北線,本駒込,35.724155,139.753828,2016/2/1 12:30:01
東京都,東京メトロ南北線,東大前,35.717633,139.758025,2016/2/1 12:30:01
東京都,東京メトロ南北線,後楽園,35.707337,139.7512,2016/2/1 12:30:01
東京都,東京メトロ南北線,飯田橋,35.702065,139.745015,2016/2/1 12:30:01
東京都,東京メトロ南北線,市ヶ谷,35.691008,139.735585,2016/2/1 12:30:01
東京都,東京メトロ南北線,四ツ谷,35.686014,139.730667,2016/2/1 12:30:01
東京都,東京メトロ南北線,永田町,35.678757,139.740258,2016/2/1 12:30:01
東京都,東京メトロ南北線,溜池山王,35.673621,139.741419,2016/2/1 12:30:01
東京都,東京メトロ南北線,六本木一丁目,35.665595,139.739,2016/2/1 12:30:01
東京都,東京メトロ南北線,麻布十番,35.654682,139.737051,2016/2/1 12:30:01
東京都,東京メトロ南北線,白金高輪,35.642903,139.734104,2016/2/1 12:30:01
東京都,東京メトロ南北線,白金台,35.637917,139.726133,2016/2/1 12:30:01
東京都,東京メトロ南北線,目黒,35.633998,139.715828,2016/2/1 12:30:01
東京都,小田急小田原線,新宿,35.690921,139.700258,2016/2/1 12:30:01
東京都,小田急小田原線,南新宿,35.683469,139.698517,2016/2/1 12:30:01
東京都,小田急小田原線,参宮橋,35.678714,139.693562,2016/2/1 12:30:01
東京都,小田急小田原線,代々木八幡,35.669484,139.688635,2016/2/1 12:30:01
東京都,小田急小田原線,代々木上原,35.669062,139.679678,2016/2/1 12:30:01
東京都,小田急小田原線,東北沢,35.665609,139.673228,2016/2/1 12:30:01
東京都,小田急小田原線,下北沢,35.661637,139.66656,2016/2/1 12:30:01
東京都,小田急小田原線,世田谷代田,35.658174,139.661252,2016/2/1 12:30:01
東京都,小田急小田原線,梅ヶ丘,35.655921,139.653614,2016/2/1 12:30:01
東京都,小田急小田原線,豪徳寺,35.653899,139.646553,2016/2/1 12:30:01
東京都,小田急小田原線,経堂,35.651316,139.636437,2016/2/1 12:30:01
東京都,小田急小田原線,千歳船橋,35.64735,139.62408,2016/2/1 12:30:01
東京都,小田急小田原線,祖師ヶ谷大蔵,35.643189,139.609293,2016/2/1 12:30:01
東京都,小田急小田原線,成城学園前,35.640053,139.598741,2016/2/1 12:30:01
東京都,小田急小田原線,喜多見,35.636692,139.587098,2016/2/1 12:30:01
東京都,小田急小田原線,狛江,35.63217,139.577413,2016/2/1 12:30:01
東京都,小田急小田原線,和泉多摩川,35.627324,139.573709,2016/2/1 12:30:01
東京都,小田急小田原線,登戸,35.620783,139.569912,2016/2/1 12:30:01
東京都,小田急小田原線,向ヶ丘遊園,35.617554,139.56483,2016/2/1 12:30:01
東京都,小田急小田原線,生田,35.615015,139.542215,2016/2/1 12:30:01
東京都,小田急小田原線,読売ランド前,35.614632,139.52825,2016/2/1 12:30:01
東京都,小田急小田原線,百合ヶ丘,35.60911,139.516301,2016/2/1 12:30:01
東京都,小田急小田原線,新百合ヶ丘,35.603805,139.507605,2016/2/1 12:30:01
東京都,小田急小田原線,柿生,35.589831,139.497945,2016/2/1 12:30:01
東京都,小田急小田原線,鶴川,35.58313,139.480895,2016/2/1 12:30:01
東京都,小田急小田原線,玉川学園前,35.56333,139.463333,2016/2/1 12:30:01
東京都,小田急小田原線,町田,35.542007,139.445468,2016/2/1 12:30:01
東京都,小田急小田原線,相模大野,35.532003,139.437627,2016/2/1 12:30:01
東京都,小田急小田原線,小田急相模原,35.515134,139.422596,2016/2/1 12:30:01
東京都,小田急小田原線,相武台前,35.499147,139.408401,2016/2/1 12:30:01
東京都,小田急小田原線,座間,35.480691,139.399932,2016/2/1 12:30:01
東京都,小田急小田原線,海老名,35.452703,139.390906,2016/2/1 12:30:01
東京都,小田急小田原線,厚木,35.443324,139.378426,2016/2/1 12:30:01
東京都,小田急小田原線,本厚木,35.439366,139.364303,2016/2/1 12:30:01
東京都,小田急小田原線,愛甲石田,35.417648,139.343945,2016/2/1 12:30:01
東京都,小田急小田原線,伊勢原,35.396033,139.313504,2016/2/1 12:30:01
東京都,小田急小田原線,鶴巻温泉,35.381131,139.277813,2016/2/1 12:30:01
東京都,小田急小田原線,東海大学前,35.373151,139.271236,2016/2/1 12:30:01
東京都,小田急小田原線,秦野,35.370175,139.225868,2016/2/1 12:30:01
東京都,小田急小田原線,渋沢,35.374168,139.18451,2016/2/1 12:30:01
東京都,小田急小田原線,松田,35.346843,139.137417,2016/2/1 12:30:01
東京都,小田急小田原線,新松田,35.345093,139.139853,2016/2/1 12:30:01
東京都,小田急小田原線,開成,35.326288,139.135899,2016/2/1 12:30:01
東京都,小田急小田原線,栢山,35.310357,139.142707,2016/2/1 12:30:01
東京都,小田急小田原線,富水,35.296356,139.145464,2016/2/1 12:30:01
東京都,小田急小田原線,螢田,35.284922,139.152016,2016/2/1 12:30:01
東京都,小田急小田原線,足柄,35.271799,139.154381,2016/2/1 12:30:01
東京都,小田急小田原線,小田原,35.25642,139.154904,2016/2/1 12:30:01
東京都,小田急多摩線,新百合ヶ丘,35.603805,139.507605,2016/2/1 12:30:01
東京都,小田急多摩線,五月台,35.600138,139.49365,2016/2/1 12:30:01
東京都,小田急多摩線,栗平,35.605992,139.480903,2016/2/1 12:30:01
東京都,小田急多摩線,黒川,35.613159,139.470778,2016/2/1 12:30:01
東京都,小田急多摩線,はるひ野,35.618885,139.464534,2016/2/1 12:30:01
東京都,小田急多摩線,小田急永山,35.629808,139.448221,2016/2/1 12:30:01
東京都,小田急多摩線,小田急多摩センター,35.624977,139.424737,2016/2/1 12:30:01
東京都,小田急多摩線,唐木田,35.615836,139.411116,2016/2/1 12:30:01
東京都,東武伊勢崎線,浅草,35.712074,139.79843,2016/2/1 12:30:01
東京都,東武伊勢崎線,業平橋,35.710366,139.809049,2016/2/1 12:30:01
東京都,東武伊勢崎線,押上,35.710702,139.812935,2016/2/1 12:30:01
東京都,東武伊勢崎線,曳舟,35.718088,139.816731,2016/2/1 12:30:01
東京都,東武伊勢崎線,東向島,35.72496,139.819495,2016/2/1 12:30:01
東京都,東武伊勢崎線,鐘ヶ淵,35.73344,139.820011,2016/2/1 12:30:01
東京都,東武伊勢崎線,堀切,35.742952,139.817738,2016/2/1 12:30:01
東京都,東武伊勢崎線,牛田,35.744402,139.811283,2016/2/1 12:30:01
東京都,東武伊勢崎線,北千住,35.749412,139.805108,2016/2/1 12:30:01
東京都,東武伊勢崎線,小菅,35.758939,139.812846,2016/2/1 12:30:01
東京都,東武伊勢崎線,五反野,35.765799,139.810051,2016/2/1 12:30:01
東京都,東武伊勢崎線,梅島,35.772576,139.797652,2016/2/1 12:30:01
東京都,東武伊勢崎線,西新井,35.777236,139.790444,2016/2/1 12:30:01
東京都,東武伊勢崎線,竹ノ塚,35.794507,139.790788,2016/2/1 12:30:01
東京都,東武伊勢崎線,谷塚,35.81417,139.801317,2016/2/1 12:30:01
東京都,東武伊勢崎線,草加,35.828487,139.803472,2016/2/1 12:30:01
東京都,東武伊勢崎線,松原団地,35.843193,139.800727,2016/2/1 12:30:01
東京都,東武伊勢崎線,新田,35.853873,139.795733,2016/2/1 12:30:01
東京都,東武伊勢崎線,蒲生,35.867026,139.791638,2016/2/1 12:30:01
東京都,東武伊勢崎線,新越谷,35.875186,139.789905,2016/2/1 12:30:01
東京都,東武伊勢崎線,越谷,35.888257,139.786049,2016/2/1 12:30:01
東京都,東武伊勢崎線,北越谷,35.90204,139.779916,2016/2/1 12:30:01
東京都,東武伊勢崎線,大袋,35.924126,139.778159,2016/2/1 12:30:01
東京都,東武伊勢崎線,せんげん台,35.935768,139.77452,2016/2/1 12:30:01
東京都,東武伊勢崎線,武里,35.949036,139.770592,2016/2/1 12:30:01
東京都,東武伊勢崎線,一ノ割,35.964142,139.766292,2016/2/1 12:30:01
東京都,東武伊勢崎線,春日部,35.979745,139.752353,2016/2/1 12:30:01
東京都,東武伊勢崎線,北春日部,35.990655,139.744012,2016/2/1 12:30:01
東京都,東武伊勢崎線,姫宮,36.004087,139.738832,2016/2/1 12:30:01
東京都,東武伊勢崎線,東武動物公園,36.024873,139.726785,2016/2/1 12:30:01
東京都,東武伊勢崎線,和戸,36.040243,139.700634,2016/2/1 12:30:01
東京都,東武伊勢崎線,久喜,36.065703,139.677295,2016/2/1 12:30:01
東京都,東武伊勢崎線,鷲宮,36.096451,139.656965,2016/2/1 12:30:01
東京都,東武伊勢崎線,花崎,36.109922,139.633608,2016/2/1 12:30:01
東京都,東武伊勢崎線,加須,36.122992,139.595712,2016/2/1 12:30:01
東京都,東武伊勢崎線,南羽生,36.149979,139.556212,2016/2/1 12:30:01
東京都,東武伊勢崎線,羽生,36.170354,139.534072,2016/2/1 12:30:01
東京都,東武伊勢崎線,川俣,36.208605,139.526304,2016/2/1 12:30:01
東京都,東武伊勢崎線,茂林寺前,36.225531,139.527128,2016/2/1 12:30:01
東京都,東武伊勢崎線,館林,36.245948,139.528169,2016/2/1 12:30:01
東京都,東武伊勢崎線,多々良,36.27339,139.500534,2016/2/1 12:30:01
東京都,東武伊勢崎線,県,36.290879,139.471784,2016/2/1 12:30:01
東京都,東武伊勢崎線,福居,36.305471,139.458354,2016/2/1 12:30:01
東京都,東武伊勢崎線,東武和泉,36.315118,139.455337,2016/2/1 12:30:01
東京都,東武伊勢崎線,足利市,36.329483,139.448074,2016/2/1 12:30:01
東京都,東武伊勢崎線,野州山辺,36.326327,139.431901,2016/2/1 12:30:01
東京都,東武伊勢崎線,韮川,36.307913,139.401704,2016/2/1 12:30:01
東京都,東武伊勢崎線,太田,36.294066,139.378734,2016/2/1 12:30:01
東京都,東武伊勢崎線,細谷,36.282517,139.348517,2016/2/1 12:30:01
東京都,東武伊勢崎線,木崎,36.271126,139.312488,2016/2/1 12:30:01
東京都,東武伊勢崎線,世良田,36.272976,139.281311,2016/2/1 12:30:01
東京都,東武伊勢崎線,境町,36.277027,139.256565,2016/2/1 12:30:01
東京都,東武伊勢崎線,剛志,36.295556,139.223984,2016/2/1 12:30:01
東京都,東武伊勢崎線,新伊勢崎,36.318641,139.201461,2016/2/1 12:30:01
東京都,東武伊勢崎線,伊勢崎,36.326681,139.193825,2016/2/1 12:30:01
東京都,東武東上本線,池袋,35.728926,139.71038,2016/2/1 12:30:01
東京都,東武東上本線,北池袋,35.741283,139.716749,2016/2/1 12:30:01
東京都,東武東上本線,下板橋,35.745682,139.71486,2016/2/1 12:30:01
東京都,東武東上本線,大山,35.748398,139.702589,2016/2/1 12:30:01
東京都,東武東上本線,中板橋,35.756261,139.694587,2016/2/1 12:30:01
東京都,東武東上本線,ときわ台,35.758669,139.689673,2016/2/1 12:30:01
東京都,東武東上本線,上板橋,35.763512,139.676421,2016/2/1 12:30:01
東京都,東武東上本線,東武練馬,35.768642,139.661995,2016/2/1 12:30:01
東京都,東武東上本線,下赤塚,35.77053,139.644543,2016/2/1 12:30:01
東京都,東武東上本線,成増,35.777634,139.632888,2016/2/1 12:30:01
東京都,東武東上本線,和光市,35.788515,139.612343,2016/2/1 12:30:01
東京都,東武東上本線,朝霞,35.797114,139.600188,2016/2/1 12:30:01
東京都,東武東上本線,朝霞台,35.81545,139.587186,2016/2/1 12:30:01
東京都,東武東上本線,志木,35.82223,139.575198,2016/2/1 12:30:01
東京都,東武東上本線,柳瀬川,35.830673,139.562007,2016/2/1 12:30:01
東京都,東武東上本線,みずほ台,35.838241,139.550847,2016/2/1 12:30:01
東京都,東武東上本線,鶴瀬,35.845804,139.539505,2016/2/1 12:30:01
東京都,東武東上本線,ふじみ野,35.860827,139.523103,2016/2/1 12:30:01
東京都,東武東上本線,上福岡,35.8739,139.511696,2016/2/1 12:30:01
東京都,東武東上本線,新河岸,35.890656,139.49728,2016/2/1 12:30:01
東京都,東武東上本線,川越,35.906992,139.482894,2016/2/1 12:30:01
東京都,東武東上本線,川越市,35.914141,139.477372,2016/2/1 12:30:01
東京都,東武東上本線,霞ヶ関,35.925627,139.443128,2016/2/1 12:30:01
東京都,東武東上本線,鶴ヶ島,35.936907,139.423705,2016/2/1 12:30:01
東京都,東武東上本線,若葉,35.949124,139.408755,2016/2/1 12:30:01
東京都,東武東上本線,坂戸,35.957339,139.393404,2016/2/1 12:30:01
東京都,東武東上本線,北坂戸,35.972201,139.396812,2016/2/1 12:30:01
東京都,東武東上本線,高坂,36.002667,139.397647,2016/2/1 12:30:01
東京都,東武東上本線,東松山,36.034849,139.40172,2016/2/1 12:30:01
東京都,東武東上本線,森林公園,36.045239,139.374947,2016/2/1 12:30:01
東京都,東武東上本線,つきのわ,36.043517,139.345427,2016/2/1 12:30:01
東京都,東武東上本線,武蔵嵐山,36.044375,139.327748,2016/2/1 12:30:01
東京都,東武東上本線,小川町,36.058902,139.26079,2016/2/1 12:30:01
東京都,東武東上本線,東武竹沢,36.075478,139.23776,2016/2/1 12:30:01
東京都,東武東上本線,男衾,36.107429,139.234442,2016/2/1 12:30:01
東京都,東武東上本線,鉢形,36.113769,139.209207,2016/2/1 12:30:01
東京都,東武東上本線,玉淀,36.117082,139.200064,2016/2/1 12:30:01
東京都,東武東上本線,寄居,36.117885,139.194506,2016/2/1 12:30:01
東京都,東武亀戸線,曳舟,35.718088,139.816731,2016/2/1 12:30:01
東京都,東武亀戸線,小村井,35.710127,139.828033,2016/2/1 12:30:01
東京都,東武亀戸線,東あずま,35.707055,139.831897,2016/2/1 12:30:01
東京都,東武亀戸線,亀戸水神,35.700295,139.833691,2016/2/1 12:30:01
東京都,東武亀戸線,亀戸,35.697587,139.826078,2016/2/1 12:30:01
東京都,東武大師線,西新井,35.777236,139.790444,2016/2/1 12:30:01
東京都,東武大師線,大師前,35.778855,139.7815,2016/2/1 12:30:01
東京都,西武池袋線,池袋,35.728926,139.71038,2016/2/1 12:30:01
東京都,西武池袋線,椎名町,35.7266,139.694835,2016/2/1 12:30:01
東京都,西武池袋線,東長崎,35.730213,139.683005,2016/2/1 12:30:01
東京都,西武池袋線,江古田,35.737376,139.672756,2016/2/1 12:30:01
東京都,西武池袋線,桜台,35.738759,139.662415,2016/2/1 12:30:01
東京都,西武池袋線,練馬,35.73782,139.653566,2016/2/1 12:30:01
東京都,西武池袋線,中村橋,35.736798,139.637767,2016/2/1 12:30:01
東京都,西武池袋線,富士見台,35.735928,139.629993,2016/2/1 12:30:01
東京都,西武池袋線,練馬高野台,35.740541,139.616974,2016/2/1 12:30:01
東京都,西武池袋線,石神井公園,35.743554,139.607028,2016/2/1 12:30:01
東京都,西武池袋線,大泉学園,35.749539,139.586552,2016/2/1 12:30:01
東京都,西武池袋線,保谷,35.748328,139.567556,2016/2/1 12:30:01
東京都,西武池袋線,ひばりヶ丘,35.751591,139.545516,2016/2/1 12:30:01
東京都,西武池袋線,東久留米,35.76032,139.533936,2016/2/1 12:30:01
東京都,西武池袋線,清瀬,35.772121,139.519909,2016/2/1 12:30:01
東京都,西武池袋線,秋津,35.778281,139.49675,2016/2/1 12:30:01
東京都,西武池袋線,所沢,35.786201,139.473916,2016/2/1 12:30:01
東京都,西武池袋線,西所沢,35.789264,139.456014,2016/2/1 12:30:01
東京都,西武池袋線,小手指,35.800579,139.438016,2016/2/1 12:30:01
東京都,西武池袋線,狭山ヶ丘,35.810453,139.416748,2016/2/1 12:30:01
東京都,西武池袋線,武蔵藤沢,35.821221,139.412572,2016/2/1 12:30:01
東京都,西武池袋線,稲荷山公園,35.845145,139.398404,2016/2/1 12:30:01
東京都,西武池袋線,入間市,35.841987,139.389541,2016/2/1 12:30:01
東京都,西武池袋線,仏子,35.837878,139.360037,2016/2/1 12:30:01
東京都,西武池袋線,元加治,35.840522,139.345744,2016/2/1 12:30:01
東京都,西武池袋線,飯能,35.851101,139.319063,2016/2/1 12:30:01
東京都,西武新宿線,西武新宿,35.696254,139.7,2016/2/1 12:30:01
東京都,西武新宿線,高田馬場,35.712285,139.703782,2016/2/1 12:30:01
東京都,西武新宿線,下落合,35.715846,139.695152,2016/2/1 12:30:01
東京都,西武新宿線,中井,35.715065,139.687264,2016/2/1 12:30:01
東京都,西武新宿線,新井薬師前,35.715795,139.671885,2016/2/1 12:30:01
東京都,西武新宿線,沼袋,35.719458,139.663841,2016/2/1 12:30:01
東京都,西武新宿線,野方,35.719658,139.652733,2016/2/1 12:30:01
東京都,西武新宿線,都立家政,35.722333,139.644586,2016/2/1 12:30:01
東京都,西武新宿線,鷺ノ宮,35.722605,139.63892,2016/2/1 12:30:01
東京都,西武新宿線,下井草,35.723955,139.624327,2016/2/1 12:30:01
東京都,西武新宿線,井荻,35.724546,139.614661,2016/2/1 12:30:01
東京都,西武新宿線,上井草,35.72512,139.603568,2016/2/1 12:30:01
東京都,西武新宿線,上石神井,35.726245,139.59208,2016/2/1 12:30:01
東京都,西武新宿線,武蔵関,35.727547,139.576889,2016/2/1 12:30:01
東京都,西武新宿線,東伏見,35.728666,139.564232,2016/2/1 12:30:01
東京都,西武新宿線,西武柳沢,35.728638,139.55261,2016/2/1 12:30:01
東京都,西武新宿線,田無,35.727366,139.539253,2016/2/1 12:30:01
東京都,西武新宿線,花小金井,35.726129,139.513228,2016/2/1 12:30:01
東京都,西武新宿線,小平,35.737024,139.488294,2016/2/1 12:30:01
東京都,西武新宿線,久米川,35.750022,139.471995,2016/2/1 12:30:01
東京都,西武新宿線,東村山,35.760493,139.46585,2016/2/1 12:30:01
東京都,西武新宿線,所沢,35.786201,139.473916,2016/2/1 12:30:01
東京都,西武新宿線,航空公園,35.79841,139.465699,2016/2/1 12:30:01
東京都,西武新宿線,新所沢,35.806767,139.456111,2016/2/1 12:30:01
東京都,西武新宿線,入曽,35.832486,139.427293,2016/2/1 12:30:01
東京都,西武新宿線,狭山市,35.856936,139.413015,2016/2/1 12:30:01
東京都,西武新宿線,新狭山,35.873993,139.433499,2016/2/1 12:30:01
東京都,西武新宿線,南大塚,35.889805,139.454314,2016/2/1 12:30:01
東京都,西武新宿線,本川越,35.914113,139.481377,2016/2/1 12:30:01
東京都,西武多摩湖線,国分寺,35.700256,139.480257,2016/2/1 12:30:01
東京都,西武多摩湖線,一橋学園,35.722162,139.480073,2016/2/1 12:30:01
東京都,西武多摩湖線,青梅街道,35.730613,139.476539,2016/2/1 12:30:01
東京都,西武多摩湖線,小平,35.737024,139.488294,2016/2/1 12:30:01
東京都,西武多摩湖線,萩山,35.740418,139.477453,2016/2/1 12:30:01
東京都,西武多摩湖線,八坂,35.745131,139.467456,2016/2/1 12:30:01
東京都,西武多摩湖線,武蔵大和,35.756388,139.444169,2016/2/1 12:30:01
東京都,西武多摩湖線,西武遊園地,35.560685,139.723731,2016/2/1 12:30:01
東京都,西武有楽町線,小竹向原,35.743803,139.678572,2016/2/1 12:30:01
東京都,西武有楽町線,新桜台,35.74077,139.6683,2016/2/1 12:30:01
東京都,西武有楽町線,練馬,35.73782,139.653566,2016/2/1 12:30:01
東京都,西武拝島線,小平,35.737024,139.488294,2016/2/1 12:30:01
東京都,西武拝島線,萩山,35.740418,139.477453,2016/2/1 12:30:01
東京都,西武拝島線,小川,35.737495,139.463537,2016/2/1 12:30:01
東京都,西武拝島線,東大和市,35.732868,139.434326,2016/2/1 12:30:01
東京都,西武拝島線,玉川上水,35.73194,139.418258,2016/2/1 12:30:01
東京都,西武拝島線,武蔵砂川,35.729029,139.392233,2016/2/1 12:30:01
東京都,西武拝島線,西武立川,35.726117,139.370268,2016/2/1 12:30:01
東京都,西武拝島線,拝島,35.721136,139.343654,2016/2/1 12:30:01
東京都,西武国分寺線,国分寺,35.700256,139.480257,2016/2/1 12:30:01
東京都,西武国分寺線,恋ヶ窪,35.710935,139.464147,2016/2/1 12:30:01
東京都,西武国分寺線,鷹の台,35.723405,139.461046,2016/2/1 12:30:01
東京都,西武国分寺線,小川,35.737495,139.463537,2016/2/1 12:30:01
東京都,西武国分寺線,東村山,35.70228,139.54489,2016/2/1 12:30:01
東京都,西武多摩川線,武蔵境,35.760493,139.46585,2016/2/1 12:30:01
東京都,西武多摩川線,新小金井,35.695874,139.526537,2016/2/1 12:30:01
東京都,西武多摩川線,多磨,35.67726,139.517194,2016/2/1 12:30:01
東京都,西武多摩川線,白糸台,35.666517,139.509862,2016/2/1 12:30:01
東京都,西武多摩川線,競艇場前,35.656196,139.499571,2016/2/1 12:30:01
東京都,西武多摩川線,是政,35.656328,139.488764,2016/2/1 12:30:01
東京都,西武豊島線,練馬,35.73782,139.653566,2016/2/1 12:30:01
東京都,西武豊島線,豊島園,35.741964,139.647941,2016/2/1 12:30:01
東京都,西武西武園線,東村山,35.777053,139.832035,2016/2/1 12:30:01
東京都,西武西武園線,西武園,35.661392,139.415205,2016/2/1 12:30:01
東京都,西武山口線,西武遊園地,35.765989,139.44263,2016/2/1 12:30:01
東京都,西武山口線,遊園地西,35.7694,139.439986,2016/2/1 12:30:01
東京都,西武山口線,西武球場前,35.770419,139.418793,2016/2/1 12:30:01
東京都,京急本線,泉岳寺,35.638692,139.74002,2016/2/1 12:30:01
東京都,京急本線,品川,35.630152,139.74044,2016/2/1 12:30:01
東京都,京急本線,北品川,35.622716,139.739152,2016/2/1 12:30:01
東京都,京急本線,新馬場,35.61762,139.741366,2016/2/1 12:30:01
東京都,京急本線,青物横丁,35.609351,139.742905,2016/2/1 12:30:01
東京都,京急本線,鮫洲,35.605144,139.742547,2016/2/1 12:30:01
東京都,京急本線,立会川,35.598453,139.738803,2016/2/1 12:30:01
東京都,京急本線,大森海岸,35.587695,139.735465,2016/2/1 12:30:01
東京都,京急本線,平和島,35.579074,139.734996,2016/2/1 12:30:01
東京都,京急本線,大森町,35.572622,139.732169,2016/2/1 12:30:01
東京都,京急本線,梅屋敷,35.567042,139.728341,2016/2/1 12:30:01
東京都,京急本線,京急蒲田,35.560685,139.723731,2016/2/1 12:30:01
東京都,京急本線,雑色,35.549911,139.715199,2016/2/1 12:30:01
東京都,京急本線,六郷土手,35.540893,139.707789,2016/2/1 12:30:01
東京都,京急本線,京急川崎,35.532833,139.700896,2016/2/1 12:30:01
東京都,京急本線,八丁畷,35.523113,139.691488,2016/2/1 12:30:01
東京都,京急本線,鶴見市場,35.51783,139.686592,2016/2/1 12:30:01
東京都,京急本線,京急鶴見,35.50729,139.678098,2016/2/1 12:30:01
東京都,京急本線,花月園前,35.500413,139.67301,2016/2/1 12:30:01
東京都,京急本線,生麦,35.495297,139.666969,2016/2/1 12:30:01
東京都,京急本線,京急新子安,35.487106,139.65554,2016/2/1 12:30:01
東京都,京急本線,子安,35.484959,139.645635,2016/2/1 12:30:01
東京都,京急本線,神奈川新町,35.481462,139.640158,2016/2/1 12:30:01
東京都,京急本線,仲木戸,35.477312,139.634489,2016/2/1 12:30:01
東京都,京急本線,神奈川,35.471399,139.627467,2016/2/1 12:30:01
東京都,京急本線,横浜,35.466188,139.622715,2016/2/1 12:30:01
東京都,京急本線,戸部,35.456751,139.619521,2016/2/1 12:30:01
東京都,京急本線,日ノ出町,35.44561,139.626746,2016/2/1 12:30:01
東京都,京急本線,黄金町,35.439786,139.622732,2016/2/1 12:30:01
東京都,京急本線,南太田,35.436923,139.613383,2016/2/1 12:30:01
東京都,京急本線,井土ヶ谷,35.433926,139.600929,2016/2/1 12:30:01
東京都,京急本線,弘明寺,35.424371,139.59678,2016/2/1 12:30:01
東京都,京急本線,上大岡,35.409209,139.596591,2016/2/1 12:30:01
東京都,京急本線,屏風浦,35.394612,139.610181,2016/2/1 12:30:01
東京都,京急本線,杉田,35.383563,139.615856,2016/2/1 12:30:01
東京都,京急本線,京急富岡,35.367088,139.629855,2016/2/1 12:30:01
東京都,京急本線,能見台,35.360872,139.629436,2016/2/1 12:30:01
東京都,京急本線,金沢文庫,35.34298,139.621603,2016/2/1 12:30:01
東京都,京急本線,金沢八景,35.331181,139.620228,2016/2/1 12:30:01
東京都,京急本線,追浜,35.31575,139.624875,2016/2/1 12:30:01
東京都,京急本線,京急田浦,35.300701,139.625527,2016/2/1 12:30:01
東京都,京急本線,安針塚,35.286771,139.642942,2016/2/1 12:30:01
東京都,京急本線,逸見,35.280692,139.652833,2016/2/1 12:30:01
東京都,京急本線,汐入,35.280225,139.661979,2016/2/1 12:30:01
東京都,京急本線,横須賀中央,35.278508,139.670634,2016/2/1 12:30:01
東京都,京急本線,県立大学,35.269764,139.676989,2016/2/1 12:30:01
東京都,京急本線,堀ノ内,35.263548,139.686729,2016/2/1 12:30:01
東京都,京急本線,京急大津,35.260862,139.695917,2016/2/1 12:30:01
東京都,京急本線,馬堀海岸,35.259662,139.707333,2016/2/1 12:30:01
東京都,京急本線,浦賀,35.250933,139.714999,2016/2/1 12:30:01
東京都,京急空港線,京急蒲田,35.765989,139.44263,2016/2/1 12:30:01
東京都,京急空港線,糀谷,35.55455,139.729725,2016/2/1 12:30:01
東京都,京急空港線,大鳥居,35.552581,139.739278,2016/2/1 12:30:01
東京都,京急空港線,穴守稲荷,35.550423,139.746733,2016/2/1 12:30:01
東京都,京急空港線,天空橋,35.548729,139.754033,2016/2/1 12:30:01
東京都,京急空港線,羽田空港国際線ターミナル,35.544366,139.768162,2016/2/1 12:30:01
東京都,京急空港線,羽田空港国内線ターミナル,35.550005,139.786463,2016/2/1 12:30:01
東京都,京王井の頭線,渋谷,35.658517,139.701334,2016/2/1 12:30:01
東京都,京王井の頭線,神泉,35.657241,139.693641,2016/2/1 12:30:01
東京都,京王井の頭線,駒場東大前,35.658655,139.684483,2016/2/1 12:30:01
東京都,京王井の頭線,池ノ上,35.660452,139.673117,2016/2/1 12:30:01
東京都,京王井の頭線,下北沢,35.661637,139.66656,2016/2/1 12:30:01
東京都,京王井の頭線,新代田,35.662593,139.660524,2016/2/1 12:30:01
東京都,京王井の頭線,東松原,35.662656,139.655652,2016/2/1 12:30:01
東京都,京王井の頭線,明大前,35.66843,139.650447,2016/2/1 12:30:01
東京都,京王井の頭線,永福町,35.675996,139.643586,2016/2/1 12:30:01
東京都,京王井の頭線,西永福,35.678798,139.635383,2016/2/1 12:30:01
東京都,京王井の頭線,浜田山,35.681628,139.627509,2016/2/1 12:30:01
東京都,京王井の頭線,高井戸,35.68322,139.615257,2016/2/1 12:30:01
東京都,京王井の頭線,富士見ヶ丘,35.684819,139.60713,2016/2/1 12:30:01
東京都,京王井の頭線,久我山,35.687797,139.599703,2016/2/1 12:30:01
東京都,京王井の頭線,三鷹台,35.692235,139.588903,2016/2/1 12:30:01
東京都,京王井の頭線,井の頭公園,35.697506,139.582696,2016/2/1 12:30:01
東京都,京王井の頭線,吉祥寺,35.702811,139.579804,2016/2/1 12:30:01
東京都,京王京王線,新宿,35.690921,139.700258,2016/2/1 12:30:01
東京都,京王京王線,笹塚,35.673747,139.667262,2016/2/1 12:30:01
東京都,京王京王線,代田橋,35.670969,139.65879,2016/2/1 12:30:01
東京都,京王京王線,明大前,35.66843,139.650447,2016/2/1 12:30:01
東京都,京王京王線,下高井戸,35.66615,139.641372,2016/2/1 12:30:01
東京都,京王京王線,桜上水,35.667616,139.631842,2016/2/1 12:30:01
東京都,京王京王線,上北沢,35.668844,139.623468,2016/2/1 12:30:01
東京都,京王京王線,八幡山,35.669885,139.615724,2016/2/1 12:30:01
東京都,京王京王線,芦花公園,35.67059,139.608955,2016/2/1 12:30:01
東京都,京王京王線,千歳烏山,35.668212,139.601139,2016/2/1 12:30:01
東京都,京王京王線,仙川,35.662307,139.584897,2016/2/1 12:30:01
東京都,京王京王線,つつじヶ丘,35.658133,139.575212,2016/2/1 12:30:01
東京都,京王京王線,柴崎,35.654128,139.566671,2016/2/1 12:30:01
東京都,京王京王線,国領,35.650265,139.558578,2016/2/1 12:30:01
東京都,京王京王線,布田,35.649909,139.551329,2016/2/1 12:30:01
東京都,京王京王線,調布,35.651889,139.544396,2016/2/1 12:30:01
東京都,京王京王線,西調布,35.657072,139.530216,2016/2/1 12:30:01
東京都,京王京王線,飛田給,35.660204,139.523297,2016/2/1 12:30:01
東京都,京王京王線,武蔵野台,35.664228,139.511187,2016/2/1 12:30:01
東京都,京王京王線,多磨霊園,35.666102,139.503095,2016/2/1 12:30:01
東京都,京王京王線,東府中,35.669035,139.495238,2016/2/1 12:30:01
東京都,京王京王線,府中,35.672195,139.480469,2016/2/1 12:30:01
東京都,京王京王線,分倍河原,35.668557,139.468721,2016/2/1 12:30:01
東京都,京王京王線,中河原,35.659649,139.45785,2016/2/1 12:30:01
東京都,京王京王線,聖蹟桜ヶ丘,35.650827,139.446876,2016/2/1 12:30:01
東京都,京王京王線,百草園,35.657443,139.430816,2016/2/1 12:30:01
東京都,京王京王線,高幡不動,35.661392,139.415205,2016/2/1 12:30:01
東京都,京王京王線,南平,35.654556,139.391994,2016/2/1 12:30:01
東京都,京王京王線,平山城址公園,35.647546,139.380312,2016/2/1 12:30:01
東京都,京王京王線,長沼,35.642763,139.364933,2016/2/1 12:30:01
東京都,京王京王線,北野,35.644413,139.354656,2016/2/1 12:30:01
東京都,京王京王線,京王八王子,35.657886,139.343137,2016/2/1 12:30:01
東京都,京王相模原線,調布,35.651889,139.544396,2016/2/1 12:30:01
東京都,京王相模原線,京王多摩川,35.644804,139.537042,2016/2/1 12:30:01
東京都,京王相模原線,京王稲田堤,35.633895,139.531099,2016/2/1 12:30:01
東京都,京王相模原線,京王よみうりランド,35.632923,139.517347,2016/2/1 12:30:01
東京都,京王相模原線,稲城,35.636216,139.50032,2016/2/1 12:30:01
東京都,京王相模原線,若葉台,35.619278,139.4724,2016/2/1 12:30:01
東京都,京王相模原線,京王永山,35.629808,139.448221,2016/2/1 12:30:01
東京都,京王相模原線,京王多摩センター,35.624977,139.424737,2016/2/1 12:30:01
東京都,京王相模原線,京王堀之内,35.624438,139.400314,2016/2/1 12:30:01
東京都,京王相模原線,南大沢,35.614138,139.380072,2016/2/1 12:30:01
東京都,京王相模原線,多摩境,35.601909,139.366985,2016/2/1 12:30:01
東京都,京王相模原線,橋本,35.594942,139.34502,2016/2/1 12:30:01
東京都,京王京王新線,新宿,35.690921,139.700258,2016/2/1 12:30:01
東京都,京王京王新線,初台,35.68123,139.686354,2016/2/1 12:30:01
東京都,京王京王新線,幡ヶ谷,35.677061,139.676183,2016/2/1 12:30:01
東京都,京王京王新線,笹塚,35.673747,139.667262,2016/2/1 12:30:01
東京都,京王高尾線,北野,35.644413,139.354656,2016/2/1 12:30:01
東京都,京王高尾線,京王片倉,35.644365,139.33731,2016/2/1 12:30:01
東京都,京王高尾線,山田,35.644425,139.321286,2016/2/1 12:30:01
東京都,京王高尾線,めじろ台,35.643387,139.307707,2016/2/1 12:30:01
東京都,京王高尾線,狭間,35.642228,139.281787,2016/2/1 12:30:01
東京都,京王高尾線,高尾,35.640548,139.293306,2016/2/1 12:30:01
東京都,京王高尾線,高尾山口,35.632227,139.269928,2016/2/1 12:30:01
東京都,京王動物園線,高幡不動,35.768056,139.448691,2016/2/1 12:30:01
東京都,京王動物園線,多摩動物公園,35.649079,139.404479,2016/2/1 12:30:01
東京都,京王競馬場線,東府中,35.669035,139.495238,2016/2/1 12:30:01
東京都,京王競馬場線,府中競馬正門前,35.668352,139.486061,2016/2/1 12:30:01
東京都,東急東横線,渋谷,35.658517,139.701334,2016/2/1 12:30:01
東京都,東急東横線,代官山,35.648104,139.703168,2016/2/1 12:30:01
東京都,東急東横線,中目黒,35.644307,139.699157,2016/2/1 12:30:01
東京都,東急東横線,祐天寺,35.637696,139.691155,2016/2/1 12:30:01
東京都,東急東横線,学芸大学,35.628845,139.685284,2016/2/1 12:30:01
東京都,東急東横線,都立大学,35.617835,139.676393,2016/2/1 12:30:01
東京都,東急東横線,自由が丘,35.607577,139.669094,2016/2/1 12:30:01
東京都,東急東横線,田園調布,35.59689,139.66732,2016/2/1 12:30:01
東京都,東急東横線,多摩川,35.589766,139.668835,2016/2/1 12:30:01
東京都,東急東横線,新丸子,35.580626,139.661919,2016/2/1 12:30:01
東京都,東急東横線,武蔵小杉,35.575741,139.659664,2016/2/1 12:30:01
東京都,東急東横線,元住吉,35.56432,139.654046,2016/2/1 12:30:01
東京都,東急東横線,日吉,35.553064,139.646783,2016/2/1 12:30:01
東京都,東急東横線,綱島,35.536992,139.634996,2016/2/1 12:30:01
東京都,東急東横線,大倉山,35.522019,139.629916,2016/2/1 12:30:01
東京都,東急東横線,菊名,35.509817,139.63135,2016/2/1 12:30:01
東京都,東急東横線,妙蓮寺,35.498474,139.633139,2016/2/1 12:30:01
東京都,東急東横線,白楽,35.489697,139.627892,2016/2/1 12:30:01
東京都,東急東横線,東白楽,35.483425,139.629361,2016/2/1 12:30:01
東京都,東急東横線,反町,35.47474,139.625337,2016/2/1 12:30:01
東京都,東急東横線,横浜,35.466188,139.622715,2016/2/1 12:30:01
東京都,東急田園都市線,渋谷,35.658517,139.701334,2016/2/1 12:30:01
東京都,東急田園都市線,池尻大橋,35.650603,139.684319,2016/2/1 12:30:01
東京都,東急田園都市線,三軒茶屋,35.643515,139.671162,2016/2/1 12:30:01
東京都,東急田園都市線,駒沢大学,35.633471,139.661702,2016/2/1 12:30:01
東京都,東急田園都市線,桜新町,35.631666,139.644779,2016/2/1 12:30:01
東京都,東急田園都市線,用賀,35.626436,139.633928,2016/2/1 12:30:01
東京都,東急田園都市線,二子玉川,35.611499,139.626624,2016/2/1 12:30:01
東京都,東急田園都市線,二子新地,35.607125,139.622399,2016/2/1 12:30:01
東京都,東急田園都市線,高津,35.603548,139.61747,2016/2/1 12:30:01
東京都,東急田園都市線,溝の口,35.600032,139.610626,2016/2/1 12:30:01
東京都,東急田園都市線,梶が谷,35.594102,139.606008,2016/2/1 12:30:01
東京都,東急田園都市線,宮崎台,35.587325,139.591349,2016/2/1 12:30:01
東京都,東急田園都市線,宮前平,35.584945,139.581919,2016/2/1 12:30:01
東京都,東急田園都市線,鷺沼,35.579579,139.573018,2016/2/1 12:30:01
東京都,東急田園都市線,たまプラーザ,35.577427,139.558447,2016/2/1 12:30:01
東京都,東急田園都市線,あざみ野,35.568717,139.553556,2016/2/1 12:30:01
東京都,東急田園都市線,江田,35.558646,139.551509,2016/2/1 12:30:01
東京都,東急田園都市線,市が尾,35.551477,139.541388,2016/2/1 12:30:01
東京都,東急田園都市線,藤が丘,35.543595,139.527873,2016/2/1 12:30:01
東京都,東急田園都市線,青葉台,35.542955,139.517182,2016/2/1 12:30:01
東京都,東急田園都市線,田奈,35.536177,139.504835,2016/2/1 12:30:01
東京都,東急田園都市線,長津田,35.531681,139.494686,2016/2/1 12:30:01
東京都,東急田園都市線,つくし野,35.527625,139.48512,2016/2/1 12:30:01
東京都,東急田園都市線,すずかけ台,35.516963,139.481467,2016/2/1 12:30:01
東京都,東急田園都市線,南町田,35.5114,139.470762,2016/2/1 12:30:01
東京都,東急田園都市線,つきみ野,35.510335,139.458029,2016/2/1 12:30:01
東京都,東急田園都市線,中央林間,35.507625,139.444903,2016/2/1 12:30:01
東京都,東急大井町線,大井町,35.606249,139.734855,2016/2/1 12:30:01
東京都,東急大井町線,下神明,35.608851,139.726242,2016/2/1 12:30:01
東京都,東急大井町線,戸越公園,35.608795,139.718056,2016/2/1 12:30:01
東京都,東急大井町線,中延,35.605479,139.713679,2016/2/1 12:30:01
東京都,東急大井町線,荏原町,35.603782,139.70781,2016/2/1 12:30:01
東京都,東急大井町線,旗の台,35.604848,139.702497,2016/2/1 12:30:01
東京都,東急大井町線,北千束,35.60632,139.693214,2016/2/1 12:30:01
東京都,東急大井町線,大岡山,35.607531,139.685637,2016/2/1 12:30:01
東京都,東急大井町線,緑が丘,35.60638,139.679366,2016/2/1 12:30:01
東京都,東急大井町線,自由が丘,35.607577,139.669094,2016/2/1 12:30:01
東京都,東急大井町線,九品仏,35.605411,139.661023,2016/2/1 12:30:01
東京都,東急大井町線,尾山台,35.606891,139.654051,2016/2/1 12:30:01
東京都,東急大井町線,等々力,35.60833,139.648069,2016/2/1 12:30:01
東京都,東急大井町線,上野毛,35.612007,139.638861,2016/2/1 12:30:01
東京都,東急大井町線,二子玉川,35.611499,139.626624,2016/2/1 12:30:01
東京都,東急大井町線,二子新地,35.607125,139.622399,2016/2/1 12:30:01
東京都,東急大井町線,高津,35.603548,139.61747,2016/2/1 12:30:01
東京都,東急大井町線,溝の口,35.600032,139.610626,2016/2/1 12:30:01
東京都,東急目黒線,目黒,35.633998,139.715828,2016/2/1 12:30:01
東京都,東急目黒線,不動前,35.625679,139.713406,2016/2/1 12:30:01
東京都,東急目黒線,武蔵小山,35.620507,139.704413,2016/2/1 12:30:01
東京都,東急目黒線,西小山,35.615685,139.698866,2016/2/1 12:30:01
東京都,東急目黒線,洗足,35.61043,139.694367,2016/2/1 12:30:01
東京都,東急目黒線,大岡山,35.607531,139.685637,2016/2/1 12:30:01
東京都,東急目黒線,奥沢,35.59689,139.66732,2016/2/1 12:30:01
東京都,東急目黒線,田園調布,35.603844,139.6723,2016/2/1 12:30:01
東京都,東急目黒線,多摩川,35.589766,139.668835,2016/2/1 12:30:01
東京都,東急目黒線,新丸子,35.580626,139.661919,2016/2/1 12:30:01
東京都,東急目黒線,武蔵小杉,35.575741,139.659664,2016/2/1 12:30:01
東京都,東急目黒線,元住吉,35.56432,139.654046,2016/2/1 12:30:01
東京都,東急目黒線,日吉,35.553064,139.646783,2016/2/1 12:30:01
東京都,東急池上線,五反田,35.626446,139.723444,2016/2/1 12:30:01
東京都,東急池上線,大崎広小路,35.622469,139.722486,2016/2/1 12:30:01
東京都,東急池上線,戸越銀座,35.616008,139.715032,2016/2/1 12:30:01
東京都,東急池上線,荏原中延,35.609953,139.711954,2016/2/1 12:30:01
東京都,東急池上線,旗の台,35.604848,139.702497,2016/2/1 12:30:01
東京都,東急池上線,長原,35.602237,139.697903,2016/2/1 12:30:01
東京都,東急池上線,洗足池,35.599796,139.691098,2016/2/1 12:30:01
東京都,東急池上線,石川台,35.596943,139.685257,2016/2/1 12:30:01
東京都,東急池上線,雪が谷大塚,35.592002,139.680978,2016/2/1 12:30:01
東京都,東急池上線,御嶽山,35.585303,139.682367,2016/2/1 12:30:01
東京都,東急池上線,久が原,35.57984,139.685345,2016/2/1 12:30:01
東京都,東急池上線,千鳥町,35.57293,139.691459,2016/2/1 12:30:01
東京都,東急池上線,池上,35.572097,139.702885,2016/2/1 12:30:01
東京都,東急池上線,蓮沼,35.564376,139.708521,2016/2/1 12:30:01
東京都,東急池上線,蒲田,35.562479,139.716051,2016/2/1 12:30:01
東京都,東急多摩川線,多摩川,35.589766,139.668835,2016/2/1 12:30:01
東京都,東急多摩川線,沼部,35.582506,139.673249,2016/2/1 12:30:01
東京都,東急多摩川線,鵜の木,35.575519,139.680615,2016/2/1 12:30:01
東京都,東急多摩川線,下丸子,35.571305,139.685618,2016/2/1 12:30:01
東京都,東急多摩川線,武蔵新田,35.567711,139.692579,2016/2/1 12:30:01
東京都,東急多摩川線,矢口渡,35.562609,139.699925,2016/2/1 12:30:01
東京都,東急多摩川線,蒲田,35.562479,139.716051,2016/2/1 12:30:01
東京都,東急世田谷線,三軒茶屋,35.643515,139.671162,2016/2/1 12:30:01
東京都,東急世田谷線,西太子堂,35.644659,139.66623,2016/2/1 12:30:01
東京都,東急世田谷線,若林,35.646003,139.659899,2016/2/1 12:30:01
東京都,東急世田谷線,松陰神社前,35.643992,139.655239,2016/2/1 12:30:01
東京都,東急世田谷線,世田谷,35.643445,139.650614,2016/2/1 12:30:01
東京都,東急世田谷線,上町,35.643409,139.646615,2016/2/1 12:30:01
東京都,東急世田谷線,宮の坂,35.647972,139.644965,2016/2/1 12:30:01
東京都,東急世田谷線,山下,35.653899,139.646553,2016/2/1 12:30:01
東京都,東急世田谷線,松原,35.660048,139.642,2016/2/1 12:30:01
東京都,東急世田谷線,下高井戸,35.66615,139.641372,2016/2/1 12:30:01
東京都,東急空港線,京急蒲田,35.765989,139.44263,2016/2/1 12:30:01
東京都,東急空港線,糀谷,35.55455,139.729725,2016/2/1 12:30:01
東京都,東急空港線,大鳥居,35.552581,139.739278,2016/2/1 12:30:01
東京都,東急空港線,穴守稲荷,35.550423,139.746733,2016/2/1 12:30:01
東京都,東急空港線,天空橋,35.548729,139.754033,2016/2/1 12:30:01
東京都,東急空港線,羽田空港国際線ターミナル,35.544366,139.768162,2016/2/1 12:30:01
東京都,東急空港線,羽田空港国内線ターミナル,35.550005,139.786463,2016/2/1 12:30:01
東京都,京成本線,京成上野,35.711232,139.773571,2016/2/1 12:30:01
東京都,京成本線,日暮里,35.727772,139.770987,2016/2/1 12:30:01
東京都,京成本線,新三河島,35.73724,139.774014,2016/2/1 12:30:01
東京都,京成本線,町屋,35.742268,139.781435,2016/2/1 12:30:01
東京都,京成本線,千住大橋,35.742491,139.796834,2016/2/1 12:30:01
東京都,京成本線,京成関屋,35.744402,139.811283,2016/2/1 12:30:01
東京都,京成本線,堀切菖蒲園,35.747635,139.827512,2016/2/1 12:30:01
東京都,京成本線,お花茶屋,35.747594,139.840183,2016/2/1 12:30:01
東京都,京成本線,青砥,35.745883,139.856292,2016/2/1 12:30:01
東京都,京成本線,京成高砂,35.750971,139.866927,2016/2/1 12:30:01
東京都,京成本線,京成小岩,35.742078,139.88386,2016/2/1 12:30:01
東京都,京成本線,江戸川,35.737723,139.896226,2016/2/1 12:30:01
東京都,京成本線,国府台,35.736392,139.902956,2016/2/1 12:30:01
東京都,京成本線,市川真間,35.731435,139.911275,2016/2/1 12:30:01
東京都,京成本線,菅野,35.72821,139.919552,2016/2/1 12:30:01
東京都,京成本線,京成八幡,35.723867,139.928057,2016/2/1 12:30:01
東京都,京成本線,鬼越,35.720026,139.937201,2016/2/1 12:30:01
東京都,京成本線,京成中山,35.716932,139.944781,2016/2/1 12:30:01
東京都,京成本線,東中山,35.714415,139.952869,2016/2/1 12:30:01
東京都,京成本線,京成西船,35.711538,139.958938,2016/2/1 12:30:01
東京都,京成本線,海神,35.705927,139.971849,2016/2/1 12:30:01
東京都,京成本線,京成船橋,35.699966,139.985129,2016/2/1 12:30:01
東京都,京成本線,大神宮下,35.694009,139.991406,2016/2/1 12:30:01
東京都,京成本線,船橋競馬場,35.689753,139.997936,2016/2/1 12:30:01
東京都,京成本線,谷津,35.685312,140.007561,2016/2/1 12:30:01
東京都,京成本線,京成津田沼,35.683646,140.024456,2016/2/1 12:30:01
東京都,京成本線,京成大久保,35.685894,140.04799,2016/2/1 12:30:01
東京都,京成本線,実籾,35.686902,140.068433,2016/2/1 12:30:01
東京都,京成本線,八千代台,35.701421,140.090872,2016/2/1 12:30:01
東京都,京成本線,京成大和田,35.712331,140.108278,2016/2/1 12:30:01
東京都,京成本線,勝田台,35.715353,140.126322,2016/2/1 12:30:01
東京都,京成本線,志津,35.717456,140.144995,2016/2/1 12:30:01
東京都,京成本線,ユーカリが丘,35.722253,140.157038,2016/2/1 12:30:01
東京都,京成本線,京成臼井,35.729928,140.180746,2016/2/1 12:30:01
東京都,京成本線,京成佐倉,35.725183,140.229705,2016/2/1 12:30:01
東京都,京成本線,大佐倉,35.730128,140.251065,2016/2/1 12:30:01
東京都,京成本線,京成酒々井,35.736875,140.270149,2016/2/1 12:30:01
東京都,京成本線,宗吾参道,35.752669,140.280975,2016/2/1 12:30:01
東京都,京成本線,公津の杜,35.760485,140.295148,2016/2/1 12:30:01
東京都,京成本線,京成成田,35.776738,140.315642,2016/2/1 12:30:01
東京都,京成本線,東成田,35.770091,140.387225,2016/2/1 12:30:01
東京都,京成本線,空港第2ビル,35.773507,140.388305,2016/2/1 12:30:01
東京都,京成本線,成田空港,35.763983,140.384644,2016/2/1 12:30:01
東京都,京成押上線,押上,35.710702,139.812935,2016/2/1 12:30:01
東京都,京成押上線,京成曳舟,35.718685,139.820295,2016/2/1 12:30:01
東京都,京成押上線,八広,35.727218,139.82828,2016/2/1 12:30:01
東京都,京成押上線,四ツ木,35.731909,139.83496,2016/2/1 12:30:01
東京都,京成押上線,京成立石,35.738284,139.848602,2016/2/1 12:30:01
東京都,京成押上線,青砥,35.745883,139.856292,2016/2/1 12:30:01
東京都,京成押上線,京成高砂,35.750971,139.866927,2016/2/1 12:30:01
東京都,京成金町線,京成高砂,35.750971,139.866927,2016/2/1 12:30:01
東京都,京成金町線,柴又,35.756501,139.875324,2016/2/1 12:30:01
東京都,京成金町線,京成金町,35.768488,139.870468,2016/2/1 12:30:01
東京都,都電荒川線,三ノ輪橋,35.73215,139.791541,2016/2/1 12:30:01
東京都,都電荒川線,荒川一中前,35.733711,139.788871,2016/2/1 12:30:01
東京都,都電荒川線,荒川区役所前,35.734961,139.786372,2016/2/1 12:30:01
東京都,都電荒川線,荒川二丁目,35.738588,139.784705,2016/2/1 12:30:01
東京都,都電荒川線,荒川七丁目,35.741935,139.78418,2016/2/1 12:30:01
東京都,都電荒川線,町屋駅前,35.742268,139.781435,2016/2/1 12:30:01
東京都,都電荒川線,町屋二丁目,35.743718,139.776958,2016/2/1 12:30:01
東京都,都電荒川線,東尾久三丁目,35.745384,139.774408,2016/2/1 12:30:01
東京都,都電荒川線,熊野前,35.749169,139.769225,2016/2/1 12:30:01
東京都,都電荒川線,宮ノ前,35.7501,139.764973,2016/2/1 12:30:01
東京都,都電荒川線,小台,35.750513,139.76164,2016/2/1 12:30:01
東京都,都電荒川線,荒川遊園地前,35.750672,139.757737,2016/2/1 12:30:01
東京都,都電荒川線,荒川車庫前,35.750874,139.752746,2016/2/1 12:30:01
東京都,都電荒川線,梶原,35.751138,139.747471,2016/2/1 12:30:01
東京都,都電荒川線,栄町,35.750946,139.742183,2016/2/1 12:30:01
東京都,都電荒川線,王子駅前,35.752474,139.738139,2016/2/1 12:30:01
東京都,都電荒川線,飛鳥山,35.750168,139.737411,2016/2/1 12:30:01
東京都,都電荒川線,滝野川一丁目,35.747363,139.735386,2016/2/1 12:30:01
東京都,都電荒川線,西ヶ原四丁目,35.744469,139.73277,2016/2/1 12:30:01
東京都,都電荒川線,新庚申塚,35.741328,139.730434,2016/2/1 12:30:01
東京都,都電荒川線,庚申塚,35.739525,139.72964,2016/2/1 12:30:01
東京都,都電荒川線,巣鴨新田,35.735426,139.727779,2016/2/1 12:30:01
東京都,都電荒川線,大塚駅前,35.73159,139.729329,2016/2/1 12:30:01
東京都,都電荒川線,向原,35.728893,139.724868,2016/2/1 12:30:01
東京都,都電荒川線,東池袋四丁目,35.725362,139.720435,2016/2/1 12:30:01
東京都,都電荒川線,都電雑司ヶ谷,35.724243,139.718024,2016/2/1 12:30:01
東京都,都電荒川線,鬼子母神前,35.72034,139.715003,2016/2/1 12:30:01
東京都,都電荒川線,学習院下,35.716213,139.712486,2016/2/1 12:30:01
東京都,都電荒川線,面影橋,35.712941,139.714544,2016/2/1 12:30:01
東京都,都電荒川線,早稲田,35.705723,139.721319,2016/2/1 12:30:01
東京都,東京モノレール田園都市線,浜松町,35.655646,139.756749,2016/2/1 12:30:01
東京都,東京モノレール田園都市線,天王洲アイル,35.620525,139.750826,2016/2/1 12:30:01
東京都,東京モノレール田園都市線,大井競馬場前,35.595059,139.747094,2016/2/1 12:30:01
東京都,東京モノレール田園都市線,流通センター,35.581455,139.749145,2016/2/1 12:30:01
東京都,東京モノレール田園都市線,昭和島,35.570745,139.749915,2016/2/1 12:30:01
東京都,東京モノレール田園都市線,整備場,35.555128,139.753305,2016/2/1 12:30:01
東京都,東京モノレール田園都市線,天空橋,35.548729,139.754033,2016/2/1 12:30:01
東京都,東京モノレール田園都市線,羽田空港国際線ビル,35.544366,139.768162,2016/2/1 12:30:01
東京都,東京モノレール田園都市線,新整備場,35.542909,139.787469,2016/2/1 12:30:01
東京都,東京モノレール田園都市線,羽田空港第1ビル,35.549149,139.784741,2016/2/1 12:30:01
東京都,東京モノレール田園都市線,羽田空港第2ビル,35.550774,139.78801,2016/2/1 12:30:01
東京都,ゆりかもめ半蔵門線,新橋,35.665498,139.75964,2016/2/1 12:30:01
東京都,ゆりかもめ半蔵門線,汐留,35.66279,139.759848,2016/2/1 12:30:01
東京都,ゆりかもめ半蔵門線,竹芝,35.653977,139.761937,2016/2/1 12:30:01
東京都,ゆりかもめ半蔵門線,日の出,35.649205,139.759099,2016/2/1 12:30:01
東京都,ゆりかもめ半蔵門線,芝浦ふ頭,35.641753,139.757844,2016/2/1 12:30:01
東京都,ゆりかもめ半蔵門線,お台場海浜公園,35.629899,139.778779,2016/2/1 12:30:01
東京都,ゆりかもめ半蔵門線,台場,35.625908,139.771416,2016/2/1 12:30:01
東京都,ゆりかもめ半蔵門線,船の科学館,35.621356,139.773105,2016/2/1 12:30:01
東京都,ゆりかもめ半蔵門線,テレコムセンター,35.617562,139.77941,2016/2/1 12:30:01
東京都,ゆりかもめ半蔵門線,青海,35.624772,139.781329,2016/2/1 12:30:01
東京都,ゆりかもめ半蔵門線,国際展示場正門,35.63023,139.791372,2016/2/1 12:30:01
東京都,ゆりかもめ半蔵門線,有明,35.634646,139.793261,2016/2/1 12:30:01
東京都,ゆりかもめ半蔵門線,有明テニスの森,35.63997,139.788895,2016/2/1 12:30:01
東京都,ゆりかもめ半蔵門線,市場前,35.645689,139.785639,2016/2/1 12:30:01
東京都,ゆりかもめ半蔵門線,新豊洲,35.648692,139.790061,2016/2/1 12:30:01
東京都,ゆりかもめ半蔵門線,豊洲,35.654908,139.79621,2016/2/1 12:30:01
東京都,つくばエクスプレス新宿線,秋葉原,35.698683,139.774219,2016/2/1 12:30:01
東京都,つくばエクスプレス新宿線,新御徒町,35.707055,139.78194,2016/2/1 12:30:01
東京都,つくばエクスプレス新宿線,浅草,35.712074,139.79843,2016/2/1 12:30:01
東京都,つくばエクスプレス新宿線,南千住,35.733336,139.799171,2016/2/1 12:30:01
東京都,つくばエクスプレス新宿線,北千住,35.749412,139.805108,2016/2/1 12:30:01
東京都,つくばエクスプレス新宿線,青井,35.772034,139.820436,2016/2/1 12:30:01
東京都,つくばエクスプレス新宿線,六町,35.784841,139.821874,2016/2/1 12:30:01
東京都,つくばエクスプレス新宿線,八潮,35.807855,139.845039,2016/2/1 12:30:01
東京都,つくばエクスプレス新宿線,三郷中央,35.824422,139.878316,2016/2/1 12:30:01
東京都,つくばエクスプレス新宿線,南流山,35.838276,139.903505,2016/2/1 12:30:01
東京都,つくばエクスプレス新宿線,流山セントラルパーク,35.854518,139.915217,2016/2/1 12:30:01
東京都,つくばエクスプレス新宿線,流山おおたかの森,35.871782,139.925013,2016/2/1 12:30:01
東京都,つくばエクスプレス新宿線,柏の葉キャンパス,35.893066,139.952423,2016/2/1 12:30:01
東京都,つくばエクスプレス新宿線,柏たなか,35.910906,139.957561,2016/2/1 12:30:01
東京都,つくばエクスプレス新宿線,守谷,35.950777,139.992292,2016/2/1 12:30:01
東京都,つくばエクスプレス新宿線,みらい平,35.994515,140.038274,2016/2/1 12:30:01
東京都,つくばエクスプレス新宿線,みどりの,36.030069,140.056196,2016/2/1 12:30:01
東京都,つくばエクスプレス新宿線,万博記念公園,36.058427,140.059392,2016/2/1 12:30:01
東京都,つくばエクスプレス新宿線,研究学園,36.082094,140.082417,2016/2/1 12:30:01
東京都,つくばエクスプレス新宿線,つくば,36.082744,140.111234,2016/2/1 12:30:01
埼玉県,埼玉高速鉄道南北線,赤羽岩淵,35.783417,139.722103,2016/2/1 12:30:01
埼玉県,埼玉高速鉄道南北線,川口元郷,35.800187,139.730043,2016/2/1 12:30:01
埼玉県,埼玉高速鉄道南北線,南鳩ヶ谷,35.816778,139.736259,2016/2/1 12:30:01
埼玉県,埼玉高速鉄道南北線,鳩ヶ谷,35.830837,139.735917,2016/2/1 12:30:01
埼玉県,埼玉高速鉄道南北線,新井宿,35.842974,139.737908,2016/2/1 12:30:01
埼玉県,埼玉高速鉄道南北線,戸塚安行,35.858873,139.753689,2016/2/1 12:30:01
埼玉県,埼玉高速鉄道南北線,東川口,35.875243,139.744142,2016/2/1 12:30:01
埼玉県,埼玉高速鉄道南北線,浦和美園,35.89384,139.727687,2016/2/1 12:30:01
東京都,TWRりんかい線,新木場,35.646157,139.827426,2016/2/1 12:30:01
東京都,TWRりんかい線,東雲,35.640668,139.803448,2016/2/1 12:30:01
東京都,TWRりんかい線,国際展示場,35.63441,139.791617,2016/2/1 12:30:01
東京都,TWRりんかい線,東京テレポート,35.620525,139.750826,2016/2/1 12:30:01
東京都,TWRりんかい線,天王洲アイル,35.627533,139.778801,2016/2/1 12:30:01
東京都,TWRりんかい線,品川シーサイド,35.609715,139.749688,2016/2/1 12:30:01
東京都,TWRりんかい線,大井町,35.606249,139.734855,2016/2/1 12:30:01
東京都,TWRりんかい線,大崎,35.6197,139.728553,2016/2/1 12:30:01
東京都,成田スカイアクセス線,京成高砂,35.750971,139.866927,2016/2/1 12:30:01
東京都,成田スカイアクセス線,新柴又,35.751165,139.87946,2016/2/1 12:30:01
東京都,成田スカイアクセス線,矢切,35.757503,139.899742,2016/2/1 12:30:01
東京都,成田スカイアクセス線,北国分,35.762922,139.913829,2016/2/1 12:30:01
東京都,成田スカイアクセス線,秋山,35.770635,139.943807,2016/2/1 12:30:01
東京都,成田スカイアクセス線,東松戸,35.765285,139.930731,2016/2/1 12:30:01
東京都,成田スカイアクセス線,松飛台,35.775349,139.957386,2016/2/1 12:30:01
東京都,成田スカイアクセス線,大町,35.775086,139.973532,2016/2/1 12:30:01
東京都,成田スカイアクセス線,新鎌ヶ谷,35.779514,139.998282,2016/2/1 12:30:01
東京都,成田スカイアクセス線,西白井,35.784364,140.031545,2016/2/1 12:30:01
東京都,成田スカイアクセス線,白井,35.784728,140.05412,2016/2/1 12:30:01
東京都,成田スカイアクセス線,小室,35.787034,140.076106,2016/2/1 12:30:01
東京都,成田スカイアクセス線,千葉ニュータウン中央,35.800194,140.116384,2016/2/1 12:30:01
東京都,成田スカイアクセス線,印西牧の原,35.803605,140.166925,2016/2/1 12:30:01
東京都,成田スカイアクセス線,印旛日本医大,35.7876,140.203348,2016/2/1 12:30:01
東京都,成田スカイアクセス線,成田湯川,35.773507,140.388305,2016/2/1 12:30:01
東京都,成田スカイアクセス線,空港第2ビル,35.799623,140.291158,2016/2/1 12:30:01
東京都,成田スカイアクセス線,成田空港,35.763983,140.384644,2016/2/1 12:30:01
東京都,多摩モノレール線,多摩センター,35.623891,139.422873,2016/2/1 12:30:01
東京都,多摩モノレール線,松が谷,35.631801,139.422115,2016/2/1 12:30:01
東京都,多摩モノレール線,大塚・帝京大学,35.636864,139.416476,2016/2/1 12:30:01
東京都,多摩モノレール線,中央大学・明星大学,35.641927,139.408568,2016/2/1 12:30:01
東京都,多摩モノレール線,多摩動物公園,35.649079,139.404479,2016/2/1 12:30:01
東京都,多摩モノレール線,程久保,35.661392,139.415205,2016/2/1 12:30:01
東京都,多摩モノレール線,高幡不動,35.655293,139.410834,2016/2/1 12:30:01
東京都,多摩モノレール線,万願寺,35.671241,139.420021,2016/2/1 12:30:01
東京都,多摩モノレール線,甲州街道,35.678265,139.409202,2016/2/1 12:30:01
東京都,多摩モノレール線,柴崎体育館,35.689711,139.409285,2016/2/1 12:30:01
東京都,多摩モノレール線,立川南,35.696211,139.412624,2016/2/1 12:30:01
東京都,多摩モノレール線,立川北,35.699433,139.412504,2016/2/1 12:30:01
東京都,多摩モノレール線,高松,35.71017,139.413318,2016/2/1 12:30:01
東京都,多摩モノレール線,立飛,35.714359,139.417126,2016/2/1 12:30:01
東京都,多摩モノレール線,泉体育館,35.718767,139.419559,2016/2/1 12:30:01
東京都,多摩モノレール線,砂川七番,35.73194,139.418258,2016/2/1 12:30:01
東京都,多摩モノレール線,玉川上水,35.723333,139.41812,2016/2/1 12:30:01
東京都,多摩モノレール線,桜街道,35.739042,139.416642,2016/2/1 12:30:01
東京都,多摩モノレール線,上北台,35.745852,139.41583,2016/2/1 12:30:01
東京都,高尾登山電鉄,清滝,35.631089,139.266776,2016/2/1 12:30:01
東京都,高尾登山電鉄,高尾山,35.631105,139.256127,2016/2/1 12:30:01
東京都,御岳登山鉄道,滝本,35.796093,139.161263,2016/2/1 12:30:01
東京都,御岳登山鉄道,御岳山,35.789586,139.153458,2016/2/1 12:30:01
東京都,JR東海道新幹線(東京〜新大阪),東京,35.681382,139.766084,2016/2/1 12:30:01
東京都,JR東海道新幹線(東京〜新大阪),品川,35.630152,139.74044,2016/2/1 12:30:01
東京都,JR東海道新幹線(東京〜新大阪),新横浜,35.507456,139.617585,2016/2/1 12:30:01
東京都,JR東海道新幹線(東京〜新大阪),小田原,35.25642,139.154904,2016/2/1 12:30:01
東京都,JR東海道新幹線(東京〜新大阪),熱海,35.103217,139.07776,2016/2/1 12:30:01
東京都,JR東海道新幹線(東京〜新大阪),三島,35.127152,138.910627,2016/2/1 12:30:01
東京都,JR東海道新幹線(東京〜新大阪),新富士,35.142365,138.663199,2016/2/1 12:30:01
東京都,JR東海道新幹線(東京〜新大阪),静岡,34.97171,138.38884,2016/2/1 12:30:01
東京都,JR東海道新幹線(東京〜新大阪),掛川,34.769758,138.014928,2016/2/1 12:30:01
東京都,JR東海道新幹線(東京〜新大阪),浜松,34.703741,137.734442,2016/2/1 12:30:01
東京都,JR東海道新幹線(東京〜新大阪),豊橋,34.762811,137.381651,2016/2/1 12:30:01
東京都,JR東海道新幹線(東京〜新大阪),三河安城,34.96897,137.060662,2016/2/1 12:30:01
東京都,JR東海道新幹線(東京〜新大阪),名古屋,35.170694,136.881637,2016/2/1 12:30:01
東京都,JR東海道新幹線(東京〜新大阪),岐阜羽島,35.315705,136.685593,2016/2/1 12:30:01
東京都,JR東海道新幹線(東京〜新大阪),米原,35.314188,136.290488,2016/2/1 12:30:01
東京都,JR東海道新幹線(東京〜新大阪),京都,34.985458,135.757755,2016/2/1 12:30:01
東京都,JR東海道新幹線(東京〜新大阪),新大阪,34.73348,135.500109,2016/2/1 12:30:01
東京都,JR東北新幹線(東京〜新青森),東京,35.681382,139.766084,2016/2/1 12:30:01
東京都,JR東北新幹線(東京〜新青森),上野,35.713768,139.777254,2016/2/1 12:30:01
東京都,JR東北新幹線(東京〜新青森),大宮,35.906295,139.623999,2016/2/1 12:30:01
東京都,JR東北新幹線(東京〜新青森),小山,36.3142,139.80685,2016/2/1 12:30:01
東京都,JR東北新幹線(東京〜新青森),宇都宮,36.558701,139.898283,2016/2/1 12:30:01
東京都,JR東北新幹線(東京〜新青森),那須塩原,36.931772,140.020514,2016/2/1 12:30:01
東京都,JR東北新幹線(東京〜新青森),新白河,37.123281,140.188998,2016/2/1 12:30:01
東京都,JR東北新幹線(東京〜新青森),郡山,37.397983,140.388412,2016/2/1 12:30:01
東京都,JR東北新幹線(東京〜新青森),福島,37.75442,140.458533,2016/2/1 12:30:01
東京都,JR東北新幹線(東京〜新青森),白石蔵王,37.995485,140.633035,2016/2/1 12:30:01
東京都,JR東北新幹線(東京〜新青森),仙台,38.260297,140.882049,2016/2/1 12:30:01
東京都,JR東北新幹線(東京〜新青森),古川,38.57092,140.967832,2016/2/1 12:30:01
東京都,JR東北新幹線(東京〜新青森),くりこま高原,38.74893,141.071785,2016/2/1 12:30:01
東京都,JR東北新幹線(東京〜新青森),一ノ関,38.926283,141.137586,2016/2/1 12:30:01
東京都,JR東北新幹線(東京〜新青森),水沢江刺,39.145194,141.188803,2016/2/1 12:30:01
東京都,JR東北新幹線(東京〜新青森),北上,39.282229,141.122598,2016/2/1 12:30:01
東京都,JR東北新幹線(東京〜新青森),新花巻,39.406453,141.173715,2016/2/1 12:30:01
東京都,JR東北新幹線(東京〜新青森),盛岡,39.701683,141.136369,2016/2/1 12:30:01
東京都,JR東北新幹線(東京〜新青森),いわて沼宮内,39.960853,141.217655,2016/2/1 12:30:01
東京都,JR東北新幹線(東京〜新青森),二戸,40.259881,141.285655,2016/2/1 12:30:01
東京都,JR東北新幹線(東京〜新青森),八戸,40.509161,141.431468,2016/2/1 12:30:01
東京都,JR東北新幹線(東京〜新青森),七戸十和田,40.719917,141.153948,2016/2/1 12:30:01
東京都,JR東北新幹線(東京〜新青森),新青森,40.82749,140.693449,2016/2/1 12:30:01
東京都,JR上越新幹線(東京〜ガーラ湯沢・新潟),東京,35.681382,139.766084,2016/2/1 12:30:01
東京都,JR上越新幹線(東京〜ガーラ湯沢・新潟),上野,35.713768,139.777254,2016/2/1 12:30:01
東京都,JR上越新幹線(東京〜ガーラ湯沢・新潟),大宮,35.906295,139.623999,2016/2/1 12:30:01
東京都,JR上越新幹線(東京〜ガーラ湯沢・新潟),熊谷,36.139702,139.389942,2016/2/1 12:30:01
東京都,JR上越新幹線(東京〜ガーラ湯沢・新潟),本庄早稲田,36.218575,139.179739,2016/2/1 12:30:01
東京都,JR上越新幹線(東京〜ガーラ湯沢・新潟),高崎,36.322356,139.013057,2016/2/1 12:30:01
東京都,JR上越新幹線(東京〜ガーラ湯沢・新潟),上毛高原,36.693128,138.977579,2016/2/1 12:30:01
東京都,JR上越新幹線(東京〜ガーラ湯沢・新潟),越後湯沢,36.93611,138.809891,2016/2/1 12:30:01
東京都,JR上越新幹線(東京〜ガーラ湯沢・新潟),ガーラ湯沢,36.950484,138.799464,2016/2/1 12:30:01
東京都,JR上越新幹線(東京〜ガーラ湯沢・新潟),浦佐,37.167591,138.922703,2016/2/1 12:30:01
東京都,JR上越新幹線(東京〜ガーラ湯沢・新潟),長岡,37.447787,138.853927,2016/2/1 12:30:01
東京都,JR上越新幹線(東京〜ガーラ湯沢・新潟),燕三条,37.647752,138.93873,2016/2/1 12:30:01
東京都,JR上越新幹線(東京〜ガーラ湯沢・新潟),新潟,37.912027,139.061883,2016/2/1 12:30:01
東京都,JR上越新幹線(東京〜長野),東京,35.681382,139.766084,2016/2/1 12:30:01
東京都,JR上越新幹線(東京〜長野),上野,35.713768,139.777254,2016/2/1 12:30:01
東京都,JR上越新幹線(東京〜長野),大宮,35.906295,139.623999,2016/2/1 12:30:01
東京都,JR上越新幹線(東京〜長野),熊谷,36.139702,139.389942,2016/2/1 12:30:01
東京都,JR上越新幹線(東京〜長野),本庄早稲田,36.218575,139.179739,2016/2/1 12:30:01
東京都,JR上越新幹線(東京〜長野),高崎,36.322356,139.013057,2016/2/1 12:30:01
東京都,JR上越新幹線(東京〜長野),安中榛名,36.362408,138.849589,2016/2/1 12:30:01
東京都,JR上越新幹線(東京〜長野),軽井沢,36.34255,138.635062,2016/2/1 12:30:01
東京都,JR上越新幹線(東京〜長野),佐久平,36.277898,138.464339,2016/2/1 12:30:01
東京都,JR上越新幹線(東京〜長野),上田,36.396498,138.249736,2016/2/1 12:30:01
東京都,JR上越新幹線(東京〜長野),長野,36.643,138.188686,2016/2/1 12:30:01